0000g2xnrngg946ymn9qlvhll,8626409,6053833,2000-04-01,Masaki,A,US,"cited by applicant",199
0000h6loev0w0xt4e69qeru5v,8882163,6017067,2000-01-01,"Yoneyama et al.",A,US,"cited by examiner",3
00015gesha3xeij57s65ppmwy,7102217,6122171,2000-09-01,"Akram et al.",A,US,"cited by examiner",14
0001lnbi2ryn3scxr85vsvrcj,7570865,6028690,2000-02-01,"Carter et al.",A,US,"cited by other",165
0002ewiv10gll16z3h7r06rwe,6481646,6047907,2000-04-01,Hornby,A,US,"cited by other",54
0002i8du90p0allcg92w4knah,8493564,6110106,2000-08-01,"MacKinnon et al.",A,US,"cited by applicant",77
0002o68wc5pc4xyrby2i5y0ob,D484060,D434323,2000-11-01,Pattison,S,US,"cited by examiner",3
0002urnq5n9hjeedguoem8bca,D737568,D418972,2000-01-01,Gold,S,US,"cited by applicant",12
00030tsy70bdbe1vtlms80ww9,8888684,6142956,2000-11-01,"Kortenbach et al.",A,US,"cited by applicant",360
00034985j0r02yimq8wt4wq6z,9495338,6026452,2000-02-01,Pitts,A,US,"cited by applicant",17
00039cmox8tporxozu3cew80u,7991576,6081230,2000-06-01,"Hoshino et al.",A,US,"cited by examiner",13
0003b1dp9892dfj8pkzsski1o,D575335,D423048,2000-04-01,Sinclair,S,US,"cited by examiner",18
0004rb35dv21kpwsim5yd27ag,9518366,6139220,2000-10-01,"Angel et al.",A,US,"cited by applicant",16
0004sy0s5ofgdisogvgjqmci3,7999850,6057882,2000-05-01,"van den Branden Lambrecht et al.",A,US,"cited by examiner",2
0005jqqbf8tozli0s4oyokapw,8123263,6106039,2000-08-01,Maki,A,US,"cited by other",86
00060nc0fk9u3b152otlt4y85,7246882,6019461,2000-02-01,"Yoshimura et al.",A,US,"cited by other",54
00061s6ea553u6lvk26mo43p4,D720698,6095827,2000-08-01,"Dutkowsky et al.",A,US,"cited by applicant",375
00068mhsmr6rz0kfxk40fg41e,7759062,6045996,2000-04-01,Cronin,A,US,"cited by other",30
0006dhrlmzn30w7mch3cxtgq4,6496365,6049450,2000-04-01,"Cho et al.",A,US,"cited by examiner",1
0006tnppslgr53zwad7cp0wbf,8949980,6026368,2000-02-01,"Brown et al.",A,US,"cited by applicant",3
000836r5d36g5c1ga9qjrdivp,8156124,6154728,2000-11-01,"Sattar et al.",A,US,"cited by other",1
00091wb3spcy1t5ytromlyam3,7084615,6043724,2000-03-01,"Frech et al.",A,US,"cited by other",2
00092wbsbuucs6t7gd9fjns5i,7176566,6021499,2000-02-01,Aleshi,A,US,"cited by other",6
0009giu71y23ejpenifdlxm1a,8711854,6031818,2000-02-01,"Lo et al.",A,US,"cited by applicant",27
0009gm4w65i5ab5dc6mj6tcki,6767284,6019374,2000-02-01,Breeding,A,US,"cited by other",56
0009pmhqao7ct3c597kmex27k,7415478,6167407,2000-12-01,"Nachenberg et al.",A,US,"cited by other",47
0009tzetmrzq8taeax0nz22n2,9275786,6031445,2000-02-01,Marty,A,US,"cited by examiner",0
000a8kups2cfzfkipkf5jjvws,6830618,6039812,2000-03-01,"Ellison et al.",A,US,"cited by other",6
000afyv867zjn552vpiiykwuf,D474766,6085177,2000-07-01,"Semple et al.",A,US,"cited by other",45
000akdjr2x8kt6h8td4vqb5mo,7712138,6154844,2000-11-01,"Touboul et al.",A,US,"cited by other",135
000b88wmv27rl7x7uu79oagsa,7069404,6034889,2000-03-01,"Mani et al.",A,US,"cited by examiner",8
000ba7a2qspslx08iwjffw0i4,6580997,6124807,2000-09-01,Heckeroth,A,US,"cited by other",23
000d2oavdgyrxv4il4ywcd568,6583958,6129981,2000-10-01,"Okuyama et al.",A,US,"cited by examiner",1
000dgguci2n2hg6fkbwv783rx,7351458,6017412,2000-01-01,"Van Erden et al.",A,US,"cited by other",29
000e8lfephg1jhclc59kbh0qp,8747656,6159358,2000-12-01,"Mulvaney, III et al.",A,US,"cited by applicant",33
000erfc0kjcmm35d44202w4xc,6389291,6133873,2000-10-01,Krasner,A,US,"cited by other",81
000fvrum2q9k2qps8jdujsaff,6883040,6052442,2000-04-01,"Cooper et al.",A,US,"cited by examiner",1
000g8xcyn95agk8wi4w8i93pf,8497368,6087374,2000-07-01,"Schladetzky et al.",A,US,"cited by applicant",0
000g92aaijp7hbavbv70237yq,8547756,6166407,2000-12-01,Ohta,A,US,"cited by applicant",11
000gaxtpgflh91jjmtt0v8uhl,9530796,6153912,2000-11-01,Holst,A,US,"cited by applicant",20
000gfbp4qo8r5tqsj0lnf57fr,9217906,6130774,2000-10-01,"Albert et al.",A,US,"cited by applicant",0
000h0liekif3eufzti3ajfm62,7435250,6129726,2000-10-01,"Edwards et al.",A,US,"cited by other",302
000hvgwlwvsc5g4wrsd63lcs9,8819486,6014669,2000-01-01,"Slaughter et al.",A,US,"cited by applicant",26
000hwii3q8g0017n5o1wtv3ko,9418689,6094020,2000-07-01,"Goretzki et al.",A,US,"cited by applicant",14
000i8pki3s6p7a4gjfzstf079,8514716,6154446,2000-11-01,"Kadambi et al.",A,US,"cited by applicant",97
000icgoowt7zj18n1eex60hf9,8399222,6025133,2000-02-01,"Stull et al.",A,US,"cited by applicant",34
000iixr5n42i5y7k765dt90fn,6778907,6112155,2000-08-01,Pham,A,US,"cited by examiner",9
000ine6hrppqybpizgiir8d01,9708087,6039913,2000-03-01,Hirt,A,US,"cited by applicant",258
000j7hkn0v91exj1smzjb2hyb,7733552,6137150,2000-10-01,"Takeuchi et al.",A,US,"cited by other",66
000j8fyldzirfre08s2awh3g2,7366807,6108726,2000-08-01,"Runaldue et al.",A,US,"cited by other",10
000jhvoycqxywj5sosdzg3kg3,7537829,6027776,2000-02-01,Mueller,A,US,"cited by examiner",22
000jupv50coodnft0npmiz500,7789311,6071612,2000-06-01,"Roderiguez et al.",A,US,"cited by other",730
000k6b9gycmwg1ogvrawcc0t1,D538052,6050704,2000-04-01,Park,A,US,"cited by other",8
000ki6yyn7rqtkdhxkjcj4jcs,8333288,6065648,2000-05-01,Tauber,A,US,"cited by examiner",37
000kpx7h4f1eqbt1a64hmztnt,9611334,6054525,2000-04-01,"Schloman, Jr. et al.",A,US,"cited by applicant",135
000kwmgacrhz9tvb37ib518ge,D485827,D435544,2000-12-01,Gioscia,S,US,"cited by examiner",6
000l3g8pr0klsdyt6fqcbzokq,9078374,6045615,2000-04-01,"Buechele et al.",A,US,"cited by applicant",55
000la16kq6nrzu01ykh026vhv,8175330,6061793,2000-05-01,"Tewfik et al.",A,US,"cited by other",151
000lbn3vt0icyqhbd9a55avu8,7481710,6142874,2000-11-01,"Kodachi et al.",A,US,"cited by other",31
000lmo7646haqjpfraixc66os,6615198,6081263,2000-06-01,"LeGall et al.",A,US,"cited by other",16
000lu4zx4kubvwvyo5wv27qdk,8505028,6104716,2000-08-01,"Crichton et al.",A,US,"cited by applicant",7
000luk1qdmxgq6mmesxdanngs,7682634,6068855,2000-05-01,"Leslie et al.",A,US,"cited by other",198
000mkdrs3kf4ftf204cfqd8ui,7395243,6098053,2000-08-01,Slater,A,US,"cited by other",78
000mzast9w6p0ufrh31onh41c,8639317,6157859,2000-12-01,Alt,A,US,"cited by applicant",29
000n7aadin54pmrgar144dupy,6328494,6158910,2000-12-01,"Jolly et al.",NULL,US,NULL,44
000niblcn6wqlb6cs4ob2b0tc,6549780,6016313,2000-01-01,"Foster et al.",A,US,"cited by examiner",17
000o90nrggrbzlh8fm9ildxkp,9422721,6164033,2000-12-01,Haddock,A,US,"cited by applicant",65
000ob2gbot6fjwyhosjoqgsxs,8651756,6132120,2000-10-01,"Yamaguchi et al.",A,US,"cited by applicant",48
000of2pnnaxjro1wpsp1w0jin,9149296,6022348,2000-02-01,Spitzer,A,US,"cited by applicant",31
000okg7jq32cj6fkhmdg057wb,8268722,6143657,2000-11-01,"Liu et al.",A,US,"cited by other",3
000oncnkr3bulfvfeled9vqgn,7371851,6030657,2000-02-01,"Butland et al.",A,US,"cited by examiner",1
000p0p42i36lx33p7n4in931a,9684994,6031529,2000-02-01,Migos,A,US,"cited by examiner",40
000pkdcb2rnldrbnmnfqeoncm,6962448,6034818,2000-03-01,Sedlmayr,A,US,"cited by examiner",10
000pszvzqhnugct7xh7f4zt8z,8414910,6143037,2000-11-01,"Goldstein et al.",A,US,"cited by applicant",136
000ptzl4wikde1u1tfcj40n9p,7701190,6140808,2000-10-01,Massie,A,US,"cited by examiner",1
000pw42p6u5qaovmknfz482wo,8589222,6073138,2000-06-01,"De l'Etraz et al.",A,US,"cited by applicant",13
000qu52tjnqnfx2epgyuidixv,7760499,6123145,2000-09-01,"Glezer et al.",A,US,"cited by examiner",0
000qvwyw8gbcsgxrae22mbdws,8926069,6097133,2000-08-01,"Shimada et al.",A,US,"cited by applicant",1
000r2tdbvic1c9hkxjq4mcu00,8996481,6158657,2000-12-01,"Hall, III et al.",A,US,"cited by applicant",107
000rb804rdmwrydsce0xq8bax,7544984,6083324,2000-07-01,"Henley et al.",A,US,"cited by other",29
000rf9dvcbdq8v4u7ztvk5se5,9494545,6120676,2000-09-01,"Heller et al.",A,US,"cited by applicant",8
000sgwtr7sf3gmik5db6hu656,7725127,6075925,2000-06-01,"Downing et al.",A,US,"cited by other",101
000stw38qvcn5z0cawtthz5en,D743801,D427914,2000-07-01,"Croft et al.",S,US,"cited by examiner",13
000sucp7as6wkr2aj6go4syrq,9080745,6042248,2000-03-01,"Hannah et al.",A,US,"cited by applicant",1
000sxq7qu5gvdtw6jztqruk40,9617041,6053855,2000-04-01,Stenner,A,US,"cited by examiner",179
000tce72ye5o1o8unx11lfgw6,8540130,6074386,2000-06-01,"Goble et al.",A,US,"cited by applicant",677
000tu66g61w2o3y4n0v1yz8bu,9155574,6033407,2000-03-01,Behrens,A,US,"cited by applicant",357
000u5o9fxej3jdt3kszvxroow,9522070,6022352,2000-02-01,Vandewalle,A,US,"cited by applicant",290
000u6klupexp3f6gq9uihuoiv,7680673,6058379,2000-05-01,"Odom et al.",A,US,"cited by other",6
000u9vm3karxke05dxy77fs84,D577193,D430758,2000-09-01,Skrzelowksi,S,US,"cited by other",109
000uailjejr4oqgx8cz9nexk6,7460908,6081747,2000-06-01,"Levine et al.",A,US,"cited by other",206
000v4cr555hk548tkukfs1zl5,8338153,6150146,2000-11-01,Hamade,A,US,"cited by other",29
000vg9dczzou77blxw30thkd0,8755454,6133789,2000-10-01,Braithwaite,A,US,"cited by applicant",194
000vk5dzq8zeo1qftjcgb973y,8187427,6165319,2000-12-01,"Heath et al.",A,US,"cited by other",63
000wuef6x103c2zrkdduhzo3c,7634083,6047068,2000-04-01,"Rhelimi et al.",A,US,"cited by other",149
000wwcjd6tzocpe5on7iik2gl,9589944,6071795,2000-06-01,"Cheung et al.",A,US,"cited by applicant",6
000x43j74mv29v1y6wcf78twd,8974386,6032199,2000-02-01,"Lim et al.",A,US,"cited by applicant",983
000x6ismm9o3imzb68q7hfdf7,9159196,6030288,2000-02-01,"Davis et al.",A,US,"cited by applicant",154
000xax08m9letro7cl9r36ylj,9456882,D433136,2000-10-01,Huffman,S,US,"cited by applicant",8
000xryidmpgu2otktlhyqz94o,7722579,6126682,2000-10-01,"Sharkey et al.",A,US,"cited by other",92
000xtuvk7mmxxqe7bdy5fenks,8352606,6032260,2000-02-01,"Sasmazel et al.",A,US,"cited by other",66
000y6queitti4893v0hjgwc2w,9088675,6011937,2000-01-01,"Chaussade et al.",A,US,"cited by applicant",950
000yhgws8ta6r07df4plu3m6o,8719436,6167450,2000-12-01,"Angwin et al.",A,US,"cited by examiner",3
000yj6h7j9cmvwopmiwq2m1t7,7851693,6047862,2000-04-01,Davies,A,US,"cited by other",87
000z1xelrynnzcs1lo33f32zy,6790223,6156064,2000-12-01,Chouinard,A,US,"cited by other",121
000z2cz53zru6vgq5qxleykqk,7582444,6071417,2000-06-01,Adachi,A,US,"cited by examiner",8
000zs2mvwklizfw62woyyxzys,6532449,6018723,2000-01-01,"Siegel et al.",A,US,"cited by examiner",8
0010xudw1patlwznzkvi9aqn3,8273819,6159279,2000-12-01,"Malot et al.",A,US,"cited by other",18
0010z22tj62gjtad2ch0sjuzc,6727975,6151103,2000-11-01,"Shu et al.",A,US,"cited by examiner",9
0010z3yg9g6bpcokdbxai26hz,8023520,6163834,2000-12-01,"Garcia et al.",A,US,"cited by other",19
0011a0pge2j4wl0bv445n3hat,7595260,6128214,2000-10-01,"Kuekes et al.",A,US,"cited by other",46
0011ah7jtx0f4xtbnl0htvvl0,6326318,6013578,2000-01-01,Jun,NULL,US,NULL,18
0011qiioyyamwwb60k9id7lte,8364226,6144868,2000-11-01,Parker,A,US,"cited by applicant",178
0011rswgguyl800vs9yzffljj,6828014,6103858,2000-08-01,"Yamamoto et al.",A,US,"cited by other",343
0012n6pnngy7v9kx6d51zz16u,6519028,6124957,2000-09-01,"Goel et al.",A,US,"cited by examiner",4
0012tsocohfnhbz4shvmnezft,9725385,6010614,2000-01-01,"Keskar et al.",A,US,"cited by applicant",4
0013jmsi2e2chb5eutbjktx0h,9352064,6103201,2000-08-01,Green,A,US,"cited by applicant",45
0013zj1ys5gxyqkb6mnbio8jx,6947736,6141356,2000-10-01,Gorman,A,US,"cited by examiner",0
00153bxuyyq27fdmi130k0bkq,6437441,6048802,2000-04-01,"Avanzino et al.",A,US,"cited by examiner",26
0015737zazd7hso392twr4am6,7220392,6077620,2000-06-01,Pettit,A,US,"cited by other",23
0015994cdzyzuo0i09bsgj38r,7353467,6102961,2000-08-01,"Lee et al.",A,US,"cited by other",4
0015fk4qylq5ftqzctp4gmwzs,8206435,6120847,2000-09-01,"Yang et al.",A,US,"cited by other",152
0017nagxi79ynzjj2n8qnv28c,6769916,6015296,2000-01-01,"Fenkanyn et al.",A,US,"cited by examiner",3
0017nbrg9r685d12paa565gwv,8884920,6018759,2000-01-01,"Doing et al.",A,US,"cited by applicant",6
0018q7a5b38iulmqmf2jm9zkl,6477790,6035554,2000-03-01,Duncan,A,US,"cited by other",24
0019fqfnuh3d8gs17wkvti54g,7176888,6088023,2000-07-01,"Louis et al.",A,US,"cited by other",9
001bi5wr4s7cwr1zx1jbaigbo,7156320,6116516,2000-09-01,Ganan-Calvo,A,US,"cited by examiner",12
001bn0ywz9gyc01wlydxtar6r,7005774,6114791,2000-09-01,Ito,A,US,"cited by other",7
001bsiunmhe43ah4al18w241n,7316282,6047979,2000-04-01,"Kraft et al.",A,US,"cited by other",13
001c13f8o9lejbguh4w3lpg3y,6870686,6085358,2000-07-01,Cogan,A,US,"cited by other",21
001c4xwpd2y1uc08vf0gb33f6,7876310,6088025,2000-07-01,"Akamine et al.",A,US,"cited by other",68
001ciw4nuoxj4bonjfnoy5kh3,8284431,6131162,2000-10-01,"Yoshiura et al.",A,US,"cited by examiner",1
001crktas7mcx5ik30l2wabf2,7297394,6117925,2000-09-01,Tomka,A,US,"cited by other",69
001d9i24n43dvhuyunbuq9nck,6852986,6132996,2000-10-01,Hunicke-Smith,A,US,"cited by examiner",14
001dlca5u9yby16mun9vit019,8244613,6112186,2000-08-01,Bergh,A,US,"cited by other",165
001dyem2obklrdueb1poeo1dn,7693947,6119142,2000-09-01,Kosaka,A,US,"cited by other",164
001e7g84ql2gbvc1t3deo06kj,9682679,6042147,2000-03-01,Nishijima,A,US,"cited by examiner",40
001egcaim5vm4sska12do9094,7140527,6010054,2000-01-01,"Johnson et al.",A,US,"cited by other",66
001f1wf1r2ec9zoblkm8jx316,9093102,6130863,2000-10-01,"Wang et al.",A,US,"cited by applicant",4
001f54vaiyvft0flyfnvf3vjq,8410585,6113473,2000-09-01,"Costantini et al.",A,US,"cited by applicant",191
001f8n1ch5noxzeir1ehxo5f6,7120136,6160804,2000-12-01,"Ahmed et al.",A,US,"cited by examiner",1
001g9tv65marw9q3w4f8f24y4,D632146,6085503,2000-07-01,Hutchinson,A,US,"cited by examiner",16
001gcfr9oes4fyb3hkensrgl2,8658111,6106685,2000-08-01,"McBride et al.",A,US,"cited by applicant",8
001gr7dl68dj2mp3opg5grsj9,8637089,6123756,2000-09-01,"Poppen et al.",A,US,"cited by applicant",108
001gx4apqjrdjo45kdol4x9uy,7133792,6104913,2000-08-01,McAllister,A,US,"cited by other",18
001hlu7rwnhqsf7m38a1yv4jv,8190226,6126613,2000-10-01,"Edwards et al.",A,US,"cited by other",42
001hng4bugw0afch56y2sl9kn,8519478,6096618,2000-08-01,"Dunn et al.",A,US,"cited by applicant",3
001hr3xbcfofgr6dxv50shuqi,7887476,6013019,2000-01-01,"Fischell et al.",A,US,"cited by other",48
001htf5t11cnrydz5wzm2yrnq,7322737,6127631,2000-10-01,"Green et al.",A,US,"cited by examiner",5
001i3a3e65mm35gqwbl9ujm84,7565596,6131165,2000-10-01,"Lipkin et al.",A,US,"cited by other",30
001jx8o0mar6ilto9c0nhjnum,7876413,6124604,2000-09-01,"Koyama et al.",A,US,"cited by other",30
001k2b8ua5ofaqn5rg4e8o8cy,D467723,D432776,2000-10-01,McDowell,S,US,"cited by examiner",40
001l4pe5kglr8bu7dzo36rkdh,D454284,D423285,2000-04-01,Toffolon,S,US,"cited by examiner",2
001ly3loj4be63bmqymuvm0gc,8214147,6108558,2000-08-01,"Vanderspool, II",A,US,"cited by other",30
001mem99wteog53jsua57pvjw,8167145,6127512,2000-10-01,"Asrar et al.",A,US,"cited by other",25
001mk1rdv1jgdkv6eja4bkuaa,7963819,6039627,2000-03-01,Forbes,A,US,"cited by other",68
001mn6wapwjx2s0y329owwojt,9159791,6144538,2000-11-01,Chao,A,US,"cited by applicant",17
001myl7obc64k5f65mwotsvl4,7730153,6044444,2000-03-01,Ofek,A,US,"cited by examiner",24
001nai16nbs8s0xq3ixsdtbm1,7097793,6018095,2000-01-01,"Lerch et al.",A,US,"cited by other",57
001nqftxd0lr8ojit98s7l5ew,8905914,6067991,2000-05-01,Forsell,A,US,"cited by applicant",2
001o07g5z7x7tzgjk8cle9ibm,6818001,6146395,2000-11-01,"Kanz et al.",A,US,"cited by other",58
001o5u4lq63wqliuvrw1b1n6g,9339618,6039731,2000-03-01,"Taylor et al.",A,US,"cited by applicant",407
001ocqxvcm6o6hzlixemei855,6904252,6052550,2000-04-01,"Thornton et al.",A,US,"cited by examiner",0
001p4gtxqg7cgznfkck0jx64f,9032166,6079008,2000-06-01,"Clery, III",A,US,"cited by applicant",78
001p5v482jgk7l0dwtk8yzbw9,8188113,6080763,2000-06-01,"Regan et al.",A,US,"cited by other",19
001p8567r8zla7eyzwb9se1l7,7888262,6064118,2000-05-01,Sasaki,A,US,"cited by other",0
001pobr0jl43i0nzec33emprd,8747238,6024748,2000-02-01,"Manzo et al.",A,US,"cited by applicant",691
001pwtu2q3y433pwn9z5r7xez,8641644,6155992,2000-12-01,Henning,A,US,"cited by applicant",729
001q1z912zyxitr1d3otxewkc,7687482,6057306,2000-05-01,"Wilson et al.",A,US,"cited by other",20
001rgx86ipmvio5dwplj5i95w,D474954,D426560,2000-06-01,"Texler et al.",S,US,"cited by examiner",16
001sb0lpx6v8seb1l4ugg0fmq,8134450,6018774,2000-01-01,"Mayle et al.",A,US,"cited by other",306
001scxic5pf6e2w9e3ghmhzt3,8429245,6023270,2000-02-01,"Brush, II et al.",A,US,"cited by applicant",30
001see6d2innwetztkadvfdoe,9350166,6166527,2000-12-01,"Dwelley et al.",A,US,"cited by applicant",23
001srab9ufy0mwpazl1lyzw70,8462579,6100735,2000-08-01,Lu,A,US,"cited by applicant",6
001tckxdwm6o3ggqv8eybeeag,6509094,6162893,2000-12-01,"Choi et al.",A,US,"cited by examiner",9
001tjnmnisazcdh7erzn1cnz9,8329499,6051852,2000-04-01,Stevens,A,US,"cited by examiner",15
001tlazv0aaplvwcsmpczoosa,6397351,6038569,2000-03-01,"Beavin et al.",A,US,"cited by examiner",12
001tn5r01mma701svl7rzw8wf,6907267,6078821,2000-06-01,"Kaschke et al.",A,US,"cited by examiner",2
001u849a4nrorum2dypu1ntnx,8231532,6091975,2000-07-01,"Daddona et al.",A,US,"cited by other",1000
001u9rnb1mtc43tp1sqdkdpir,D711056,D431697,2000-10-01,"Hayakawa et al.",S,US,"cited by examiner",6
001vbn7ulytzzhy2l0ep5k9t3,9635177,6021428,2000-02-01,Miloslavsky,A,US,"cited by applicant",434
001vo0ysl4s49xth0h3ajerqk,6589235,6053909,2000-04-01,Shadduck,A,US,"cited by examiner",6
001w5491k9daeiokae04node5,7099955,6115776,2000-09-01,"Reid et al.",A,US,"cited by other",31
001w6ygdumxu6h2otu1lr37qc,8210532,6129357,2000-10-01,Wichinsky,A,US,"cited by other",164
001w853o2zqm99f4c3ta7sc4c,8172417,6099134,2000-08-01,Taniguchi,A,US,"cited by other",38
001wjiv8gf8r8gxv4sedeaz02,RE42153,6112181,2000-08-01,"Shear et al.",A,US,"cited by examiner",71
001xdkhsbxu2gfrk19hbitbhg,8986780,6087196,2000-07-01,"Sturm et al.",A,US,"cited by applicant",27
001xfzj5qmisfq6a1dodwz297,8529501,6112923,2000-09-01,Ma,A,US,"cited by applicant",32
001z27j8no74yhx7zphpvb6du,9678194,6101391,2000-08-01,"Ishizuka et al.",A,US,"cited by applicant",5
001z4r6olvzcs0nwsk0j5bvpi,9643129,6083393,2000-07-01,"Wu et al.",A,US,"cited by applicant",85
001zarnq8q52fdjtf49ekobbd,8353622,6017349,2000-01-01,"Heller et al.",A,US,"cited by applicant",67
001zcumfl9mwkdaxnp5s66l3e,9675436,6117161,2000-09-01,"Li et al.",A,US,"cited by applicant",43
001zflacblfs43aeof8mwtmxd,9229917,6106570,2000-08-01,Mizuhara,A,US,"cited by applicant",270
001zr6zjkshv7dp3ox834ap08,9468733,6078730,2000-06-01,"Huddart et al.",A,US,"cited by examiner",9
001zthf8xuf201d7c2ixsczoe,8597069,6012957,2000-01-01,"Cyrus et al.",A,US,"cited by examiner",60
001zv4i6mww56azvn2naiuadw,8496687,6132465,2000-10-01,"Ray et al.",A,US,"cited by applicant",189
0020uon184w87swwcphprd820,8863868,6024376,2000-02-01,"Golichowski et al.",A,US,"cited by applicant",47
0020vx5x2kwgg92s4venskgwc,9303463,6039083,2000-03-01,Loper,A,US,"cited by examiner",0
00212rz7no63wtxtv5mxe7ykk,6929761,6021106,2000-02-01,"Welch et al.",A,US,"cited by other",24
002285l5uljlmho3k4hoad2np,8114299,6019229,2000-02-01,Rao,A,US,"cited by other",8
0023g6vvqyaz0xo47x8zwfrxa,7503011,6137686,2000-10-01,Saye,A,US,"cited by examiner",8
0023tjjcm0aps0kt0etue5bkq,8862202,6090144,2000-07-01,"Letot et al.",A,US,"cited by applicant",228
0023x7byc43huqpa5d0ekwl2w,D509011,D423129,2000-04-01,Nakagawa,S,US,"cited by examiner",7
0024i2qhkhdcgddbzyb5c6khm,6821818,6046076,2000-04-01,"Mitchell et al.",A,US,"cited by other",3
00251f3hjfqkfk3yeg7unaha4,7532030,6075745,2000-06-01,"Gould et al.",A,US,"cited by other",55
00255rkyic9n0cvz1o2eio4kr,7703015,6031989,2000-02-01,Cordell,A,US,"cited by examiner",8
0025vzamq2tym0ikg62rkve2h,7163463,6142884,2000-11-01,Yim,A,US,"cited by examiner",38
00267rkraz5vgeqiqsku0r7mg,7009384,6087827,2000-07-01,Oudet,A,US,"cited by other",17
00269urxqfjddfk1cytz7quv7,8846070,6165212,2000-12-01,"Dereume et al.",A,US,"cited by applicant",158
0026zixae93j5uov1u9q0adwn,9174873,6117226,2000-09-01,"Dial et al.",A,US,"cited by applicant",0
0027waa5j9jx8gzod85t7c3zq,9321803,6130205,2000-10-01,"Stapleton et al.",A,US,"cited by applicant",17
002846z1ulorl8hofkvddk2vh,7574616,6151269,2000-11-01,"Dosaka et al.",A,US,"cited by other",69
0028axcklekq9qfgyxcslwaut,D574621,D433576,2000-11-01,Hutton,S,US,"cited by other",105
0029bzoi6iwzmuxbslyvvawpx,7181252,6032038,2000-02-01,"Schroderus et al.",A,US,"cited by other",9
0029qh0qr4xnu5rc0nwvwmvrw,7280483,6163699,2000-12-01,"Naor et al.",A,US,"cited by other",81
0029z6kwt8kvd7p7qrl1yza4z,9119893,RE36974,2000-11-01,Bonutti,E,US,"cited by applicant",20
002afbfjjxokeoww1u7opvo3h,8005439,6028885,2000-02-01,"Minarik et al.",A,US,"cited by other",127
002b9t826zt0i7d5p3uq8s8e3,7783536,6064983,2000-05-01,Koehler,A,US,"cited by other",2
002c3h82q0cm39j9zeuhno0wt,D508950,D430210,2000-08-01,Shimizu,S,US,"cited by other",34
002cefmp1bryvnajpnfuidhnh,8937135,6046248,2000-04-01,"Warzelhan et al.",A,US,"cited by applicant",8
002cmboocl5nufpa3hgcuw657,6477523,6094657,2000-07-01,"Hailpern et al.",A,US,"cited by examiner",0
002cnekmm55y12tohpeeqjbcs,8784859,6099562,2000-08-01,"Ding et al.",A,US,"cited by applicant",2
002cui62hbgqlnivbas3kvise,7648727,6129761,2000-10-01,Hubbell,A,US,"cited by other",254
002cwhfzwk1n0idun0g03er2s,8920319,6164284,2000-12-01,"Schulman et al.",A,US,"cited by applicant",1069
002d5pm4z4hn08ujwo96z7hhc,7887958,6096449,2000-08-01,"Fuglevand et al.",A,US,"cited by other",103
002dp0clmm9ucbj9ii4xdmsqf,9572643,6019482,2000-02-01,Everett,A,US,"cited by applicant",410
002e2im3vw89ta468jc3sdcd7,7249100,6115611,2000-09-01,"Kimoto et al.",A,US,"cited by other",9
002e3lq4lyulj5o9pz0utn5v8,7880730,6111573,2000-08-01,"McComb et al.",A,US,"cited by other",67
002e8ftp6g5ij0o0z0kudprmo,6693350,6072240,2000-06-01,"Kimura et al.",A,US,"cited by other",17
002eyh9ilh5px4eh6swcvgday,6918960,6140230,2000-10-01,Li,A,US,"cited by other",9
002f2p7yfkpphhnd9q051bl5k,9421101,6076013,2000-06-01,"Brennan et al.",A,US,"cited by applicant",94
002fm3pytuwhds3nebbgknwbd,8408792,6126009,2000-10-01,"Shiffler et al.",A,US,"cited by applicant",238
002fxbazue6vzm78fh9x1er72,7803453,6114050,2000-09-01,"Westre et al.",A,US,"cited by examiner",4
002gnd7ngmt5kuntlwbcay732,9345492,6165142,2000-12-01,Bar,A,US,"cited by applicant",31
002hoton8bw3u2puwq36izbe0,D472211,6028384,2000-02-01,"Billman et al.",A,US,"cited by examiner",10
002itdpiwr7zxuzps8o2el7hz,7642320,6114489,2000-09-01,"Vicari et al.",A,US,"cited by other",18
002iyn4ldstouitrpoq2xnjmv,6839149,6123362,2000-09-01,"Squilla et al.",A,US,"cited by other",8
002j0acx077vpr9qz5y7toq1w,7646152,6150772,2000-11-01,Crane,A,US,"cited by other",185
002j46ys51v07dcn7mhksu7sl,8356873,6078259,2000-06-01,"Brady et al.",A,US,"cited by applicant",14
002jkln0s0r4g7v0pftu2qcmc,7803604,6136778,2000-10-01,Kamiya,A,US,"cited by other",67
002jmvro5k7863njr7t4ecpme,7333669,6097471,2000-08-01,"Buhr et al.",A,US,"cited by other",16
002k32hnf95ea5n6of34m8a57,7768623,6099672,2000-08-01,"Yamazaki et al.",A,US,"cited by examiner",1
002kdru6l8h4c6lqoihrju20l,6994429,6083762,2000-07-01,"Papen et al.",A,US,"cited by examiner",5
002kefo0099jgk7h8x3zg4vcl,6278060,6015952,2000-01-01,Mori,NULL,US,NULL,9
002kpcaw3antg6wl1fho89vw0,9522207,6134718,2000-10-01,Sesselmann,A,US,"cited by applicant",85
002m9070j2l0wvjespssfso54,8574577,6132992,2000-10-01,"Ledbetter et al.",A,US,"cited by applicant",13
002ml5i1zmwtqlj6bmb4xm5b0,8825549,6047268,2000-04-01,"Bartoli et al.",A,US,"cited by applicant",105
002mlrwokbgrbk9ayep4qjcsl,6816767,6018980,2000-02-01,"Kimura et al.",A,US,"cited by other",6
002nj487qnkziusw81784qurb,8486024,6117113,2000-09-01,Novacek,A,US,"cited by applicant",458
002nx39ykho9qf2rmnl90gd7k,8751849,6134667,2000-10-01,"Suzuki et al.",A,US,"cited by applicant",13
002om978vo0i7kjfoemr5oojg,9198538,6029565,2000-02-01,Plymale,A,US,"cited by applicant",7
002pjbncnzu1m513p9qk8yi82,6706065,6162168,2000-12-01,"Schweich, Jr. et al.",A,US,"cited by other",39
002pp4lo9hfv07wc2rikypjqq,7534304,6059845,2000-05-01,Berndt,A,US,"cited by other",238
002pzjcptokvuv5sx0063cvou,7266555,6081883,2000-06-01,"Popelka et al.",A,US,"cited by examiner",14
002qcod1eilal2sftv3qs1kxw,9080146,6083262,2000-07-01,Caravel,A,US,"cited by applicant",125
002qm10w0ujn6ad8tepj0td1v,8037168,6122627,2000-09-01,"Carey et al.",A,US,"cited by other",139
002rsoshzl65t1v0ymcpxqlnz,9295546,6113633,2000-09-01,Portney,A,US,"cited by applicant",119
002rt01l1v4j0w6vpvpi9n4st,D718624,6095377,2000-08-01,"Sweeton et al.",A,US,"cited by applicant",23
002rwa5hyiipmez5r0tvgnjx0,6464415,6064991,2000-05-01,"Reisinger et al.",A,US,"cited by other",38
002rx7nnv3o00tbxwwcrf2t58,8652079,6152893,2000-11-01,"Pigg et al.",A,US,"cited by applicant",303
002tepyxshkgxxh39j8dejtbk,7253576,6130517,2000-10-01,"Yuan et al.",A,US,"cited by other",5
002u2w5cr1hxgds2l1kxadlms,7165306,6116453,2000-09-01,Przytulla,A,US,"cited by other",26
002ur4l7iwfu239cb6bduxqgb,D686449,D422176,2000-04-01,Laib,S,US,"cited by examiner",9
002uvnjutxzx53rlm2lahp2dx,7087994,6127736,2000-10-01,Akram,A,US,"cited by other",70
002v2hg2r11tgo15dya7vrt71,7163401,6039569,2000-03-01,"Prasad et al.",A,US,"cited by other",143
002v2s8n24pqrsu0k2wqgtnuh,6666128,6123009,2000-09-01,"Kanayama et al.",A,US,"cited by examiner",2
002v6mswn517rex6z63hdj0gl,7847179,6103967,2000-08-01,"Cachy et al.",A,US,"cited by other",74
002vz81rx211qpdpzvq54t8u2,7563926,6133476,2000-10-01,Lin,A,US,"cited by other",150
002w28o7tpo23iixcbihzk754,8001054,6141651,2000-10-01,"Riley et al.",A,US,"cited by other",648
002w5m13emp0vzjvy7pay2s6h,7331972,6149669,2000-11-01,Li,A,US,"cited by other",67
002wbs4uedusu9ociizlv5g13,9332078,6108703,2000-08-01,"Leighton et al.",A,US,"cited by applicant",23
002wic4cr16f0ofrxjmp5u3fe,6857886,6123560,2000-09-01,"Hara et al.",A,US,"cited by other",1
002wt0sqoe8936ouhry9v15ol,7768577,6160532,2000-12-01,"Kaburagi et al.",A,US,"cited by examiner",5
002x3g3znry6rupxgek02jpny,7216348,6085217,2000-07-01,"Ault et al.",A,US,"cited by examiner",297
002xnawibf63k1x84khhrsdt4,6835396,6063910,2000-05-01,"Debenedetti et al.",A,US,"cited by other",95
002xqa17s9kgmvvzixlqk5rvj,9526020,6157810,2000-12-01,"Georges et al.",A,US,"cited by applicant",126
002y8rcf6bvomj6o6mr5yaj4c,8471361,6110806,2000-08-01,Pogge,A,US,"cited by applicant",139
002y9pctdbbtzv2a9e1fnrwyc,9195305,6100896,2000-08-01,"Strohecker et al.",A,US,"cited by applicant",66
002yq9t3mxa4wsr16axri6w0b,9092808,6118887,2000-09-01,"Cosatto et al.",A,US,"cited by applicant",19
002z2z5co2mbiggkxtn09bkk2,6867781,6157387,2000-12-01,Kotani,A,US,"cited by other",385
002zfylzbzq02mzcq3hrvavnu,D460895,D420254,2000-02-01,Park,S,US,"cited by examiner",5
0030a3flhu8kche5c7u0qm65v,8932624,6083208,2000-07-01,"Modak et al.",A,US,"cited by applicant",31
00310yrg3se1k4cs8jvsdq5dj,7161786,6072683,2000-06-01,Masghati,A,US,"cited by examiner",8
00318f23bn3why31lb864lhmn,7305268,6134474,2000-10-01,Fischell,A,US,"cited by other",132
0031drp6oia11ir3kos7cnwxv,8284025,6088755,2000-07-01,"Kobayashi et al.",A,US,"cited by other",602
00324d7b4azknttsrmhzy10tv,7676530,6112317,2000-08-01,"Berc et al.",A,US,"cited by other",25
0032f2r5a4kc1xe21tw5c4fdn,8029250,6147342,2000-11-01,Kucher,A,US,"cited by examiner",206
0032r81ksfbqaus1p4s536ocj,9605264,6020464,2000-02-01,"Okazaki et al.",A,US,"cited by applicant",6
0032u1201d8eufatlotk3xnvf,7791789,6120839,2000-09-01,"Comiskey et al.",A,US,"cited by other",93
0033a94ai1ek2wcubej7mzgqz,8507500,6069177,2000-05-01,"Carlier et al.",A,US,"cited by applicant",0
0033maoc9us1ig5wmjgukbjzr,8017323,6140496,2000-10-01,Benner,A,US,"cited by other",62
0033o9auhhn1sqquw6kmkzxhh,9511295,6033309,2000-03-01,"Couch et al.",A,US,"cited by applicant",1
0033u8n1wv4e9tue0ekwjaaqb,8160273,6061456,2000-05-01,"Andrea et al.",A,US,"cited by other",14
0034cb0x2j7r7sm2mb706zzsz,8243794,6108455,2000-08-01,Mancuso,A,US,"cited by other",13
00354dg4orzj3b6eq0zwbc2fd,D483249,6152313,2000-11-01,"Klein et al.",A,US,"cited by other",14
0036afpckhh6fu3k52l1zg1bf,8129791,6140227,2000-10-01,"Chen et al.",A,US,"cited by examiner",5
0036aqy1d56hu0840gkk6qgzg,7587363,6105011,2000-08-01,Morrison,A,US,"cited by other",248
0036cheo513wv4d83d9n1aguu,8806538,6112186,2000-08-01,"Bergh et al.",A,US,"cited by applicant",690
0036rzhhcav9x292eow8luof1,9464207,6114033,2000-09-01,"Ikemoto et al.",A,US,"cited by applicant",204
0037z2kekfscr1te1h8f47y5e,8349382,6120825,2000-09-01,"Cirialiano et al.",A,US,"cited by other",48
00393n9s6io5pkpe6fx8qt7pl,6813790,6061855,2000-05-01,Flick,A,US,"cited by other",42
0039agoe9rvguxq5ann0feq2o,7851437,6124431,2000-09-01,"Sakakibara et al.",A,US,"cited by other",38
0039cvvmey5zfutdr3jxe0e4x,9308044,6010613,2000-01-01,"Walters et al.",A,US,"cited by applicant",198
0039jp65xip34xgq606a3dmdw,9659753,6107199,2000-08-01,"Allen et al.",A,US,"cited by applicant",296
0039t18tyjxy6gyx7944wce5v,7590549,6046761,2000-04-01,Echerer,A,US,"cited by other",340
003abgalgkdx01zqkdn70cu8y,8388345,6059570,2000-05-01,"Dragan et al.",A,US,"cited by applicant",9
003acm7wwqzod7k730pa2nuzw,7446272,6096990,2000-08-01,Marin,A,US,"cited by other",6
003ak2iqn8bhau9vpbji1ib07,7325009,6029143,2000-02-01,"Mosher et al.",A,US,"cited by other",32
003aspdkczrw2ca7jj91axk5g,7757543,6160084,2000-12-01,"Langer et al.",A,US,"cited by other",204
003b1ex86p837thhdwrekzd8w,8114102,6035856,2000-03-01,"LaFontaine et al.",A,US,"cited by other",74
003b9plpo37uu6dnvz6lo1xzq,9035954,6065050,2000-05-01,DeMoney,A,US,"cited by applicant",28
003cr82dmd29v3hq800pvu2m4,8784336,6083170,2000-07-01,Ben-Haim,A,US,"cited by applicant",433
003cub5wetcmadapjlm8p4fb5,7185677,6019779,2000-02-01,"Thorud et al.",A,US,"cited by examiner",9
003d062utire6pnfbgdg4ybh0,8133759,6025650,2000-02-01,"Tsuji et al.",A,US,"cited by examiner",5
003dgrrnibfc60bnsqn5866a2,8967896,6059474,2000-05-01,Huang,A,US,"cited by applicant",9
003ek8p8ao2y2u0sav2wpc2nx,8793936,6082049,2000-07-01,Hudson,A,US,"cited by applicant",23
003ekey121yun25377318wlhb,7700489,6046112,2000-04-01,Wang,A,US,"cited by examiner",1
003f5v73cg9xz69uwasfo53kj,8316469,6016772,2000-01-01,Noyes,A,US,"cited by examiner",35
003g4jmp3kz3uente6haa6dx7,8238246,6115802,2000-09-01,"Tock et al.",A,US,"cited by other",8
003gp1kculkbuq2rzqltomysi,9632370,6038006,2000-03-01,Sasaki,A,US,"cited by applicant",7
003gzfw5re48iifdtpi0t9979,D640842,6109455,2000-08-01,Schroeder,A,US,"cited by examiner",10
003h6dgib1kyfs99qz4r803az,D674590,6016676,2000-01-01,McConnell,A,US,"cited by applicant",75
003h7bbhpgtk2yv3dawyg1f2e,RE41092,6163464,2000-12-01,"Ishibashi et al.",A,US,"cited by other",70
003hlnmdl09yhuaixnaeja9qa,8793032,6154690,2000-11-01,Coleman,A,US,"cited by applicant",25
003hr37pn6x5edtszytnnr8vr,9445496,6023098,2000-02-01,"Higashiguchi et al.",A,US,"cited by applicant",19
003idb4mnsgp1rluwfiecvvz9,9676980,6016660,2000-01-01,Abramshe,A,US,"cited by applicant",254
003igab69a3mp32f4jeuu5wr0,9695583,6067668,2000-05-01,Rudd,A,US,"cited by applicant",11
003j74n6dx2ykp0xztz8x828a,7389236,6125347,2000-09-01,"Cote et al.",A,US,"cited by examiner",4
003jahurrs2ctidw2b75lemfl,6580475,6118506,2000-09-01,"Yamazaki et al.",A,US,"cited by other",4
003ljvt67i4vdbgf0gl00fgr0,9440717,6125955,2000-10-01,"Zoretich et al.",A,US,"cited by applicant",61
003lmsbd4oxjcwjulziivitck,7690983,6117009,2000-09-01,Yoseloff,A,US,"cited by other",134
003lr4wszalkw3sv86kf23ilj,6507968,6018844,2000-02-01,"Basham et al.",A,US,"cited by other",17
003lv7bgfmbmcf63sjik7bb6u,7461892,6164719,2000-12-01,Rauh,A,US,"cited by other",162
003n7bo2hq5enq2fj8tuotvoo,8740034,6024748,2000-02-01,"Manzo et al.",A,US,"cited by applicant",262
003nbgzfh9lxt6vkcts4ou4xc,6738632,6137791,2000-10-01,"Frid et al.",A,US,"cited by examiner",1
003nbie0148gi861gcno0u6gg,7778933,6149055,2000-11-01,Gatto,A,US,"cited by other",81
003npjzzgrsmtozrhwzgaj6b6,D516190,D423653,2000-04-01,Svendsen,S,US,"cited by other",17
003nylnfqc7oxgfst071c8ees,8630929,6026398,2000-02-01,Brown,A,US,"cited by applicant",9
003o2jb6carad2mmn2l5dt28c,8542210,6147680,2000-11-01,Tareev,A,US,"cited by applicant",168
003o9dkpkc4u29fu6v95ji97j,9221308,6145559,2000-11-01,"Ingram, II",A,US,"cited by applicant",18
003ojq8sm8lr7g2iuwp7z754c,9292588,6138158,2000-10-01,"Boyle et al.",A,US,"cited by applicant",39
003oypuxwj6aagrodhkgbenxv,6647031,6097743,2000-08-01,Alphonse,A,US,"cited by other",26
003p47nlhu9k7r3kbdkse6ygn,8332228,6097824,2000-08-01,"Lindemann et al.",A,US,"cited by other",35
003p9wwi4pnyhn3wje1nmay5p,7723440,6046288,2000-04-01,"Lawson et al.",A,US,"cited by other",89
003qt2uivamp6eksul81zj3ku,7324989,6014668,2000-01-01,"Tabata et al.",A,US,"cited by examiner",8
003r3c96qpny2x4rpag465ni8,8566705,6023714,2000-02-01,"Hill et al.",A,US,"cited by examiner",9
003r7k1rfs1a513mrbtjzzlnr,D448021,D429707,2000-08-01,Park,NULL,US,NULL,17
003s6hupazosnl91m4abmfbnn,7280252,6160846,2000-12-01,"Chiang et al.",A,US,"cited by other",123
003s6qqlyq83u1t0v11rh34f0,8452643,6140941,2000-10-01,"Dwyer et al.",A,US,"cited by examiner",4
003scxm2k0n5b25e2v6dqpk2z,8267681,6165572,2000-12-01,"Kahlbaugh et al.",A,US,"cited by other",266
003sd0kthl38neeceq87gs8hn,9073244,6078259,2000-06-01,"Brady et al.",A,US,"cited by applicant",38
003t8jzvxeljz5vzp9q0e716w,9468939,6061457,2000-05-01,Stockhamer,A,US,"cited by applicant",31
003tyu6s4grxbw3ssc58lf8uv,8773260,6079844,2000-06-01,"Whitehead et al.",A,US,"cited by applicant",55
003u2puztv6r62tgis6nwgiau,7270656,6106514,2000-08-01,"O'Donnell, Jr.",A,US,"cited by other",22
003u6mcwjkk0lqjmxd4428ai9,D677195,6048590,2000-04-01,Phillips,A,US,"cited by applicant",32
003ukdg3mgvjtgxpya0tx7psx,7727917,6025025,2000-02-01,Bartrug,A,US,"cited by other",47
003v10yjz4jlgd0rtqos1ih4t,6877839,6027590,2000-02-01,"Sylvester et al.",A,US,"cited by other",7
003vd9dwp4du9n6620x2ggdb0,9082353,6158867,2000-12-01,"Parker et al.",A,US,"cited by applicant",157
003vm18gc2jytjiqqk2ndo0na,9058826,6094020,2000-07-01,"Goretzki et al.",A,US,"cited by applicant",6
003w61ag32j7qqjxozfhb1nhr,6476965,6067266,2000-05-01,Donelan,A,US,"cited by other",6
003wpcu4kbdscpmfrzmd88g1h,8899238,6155268,2000-12-01,Takeuchi,A,US,"cited by applicant",157
003wzsk6jnbelx5ddbr2s33l0,7456795,6097339,2000-08-01,"Filipovic et al.",A,US,"cited by other",3
003yh4nowqcrfixe9n3hry9a4,6574017,6025941,2000-02-01,"Srivastava et al.",A,US,"cited by examiner",4
003yks0b8lryep9u6tc8v68nj,7157900,6072313,2000-06-01,"Li et al.",A,US,"cited by examiner",10
003z2lauakcc5pt9t9iitevkq,6672689,6015193,2000-01-01,"Vogel et al.",A,US,"cited by examiner",8
003zoojithcqejx0rq63qzvsy,6302899,6068648,2000-05-01,"Cole et al.",NULL,US,NULL,14
00400gc9en9a2zmqsyf5up99a,9385028,6063683,2000-05-01,"Wu et al.",A,US,"cited by applicant",249
004073ytd7w3a6apsevbljy81,6861353,6143192,2000-11-01,Westmoreland,A,US,"cited by other",33
0040ohm95i3qfaqw601bwdsby,D644324,6065470,2000-05-01,"Van Cromvoirt et al.",A,US,"cited by other",13
0040zq2ytqatb3bnjqfxnea5d,7182472,6053615,2000-04-01,"Peterson et al.",A,US,"cited by other",51
0041v45zuhcysj0ypf1g75ltm,7935119,6099531,2000-08-01,Bonutti,A,US,"cited by other",47
0041x8ypq7mwjx531x87t7qk4,8451716,6085245,2000-07-01,"Kaycee et al.",A,US,"cited by applicant",4
0042ps6tbzk3ylubowky2i4x6,7865036,6011547,2000-01-01,"Shiota et al.",A,US,"cited by other",63
0042xh859hpmts876o0mx8pnl,8750320,6111425,2000-08-01,"Bertin et al.",A,US,"cited by applicant",358
0042xvxql4jrimxcoi9r0ngd1,6518368,6133381,2000-10-01,"Reed et al.",A,US,"cited by other",58
0042z083npoockbglkr18jm3s,8876795,6033191,2000-03-01,"Kamper et al.",A,US,"cited by applicant",48
00437pvdibnky3p8uzxjss7tp,8885982,6072904,2000-06-01,"Desai et al.",A,US,"cited by applicant",45
0043990p8l460ycyzcg5mh6ae,8080885,6121684,2000-09-01,Liaw,A,US,"cited by examiner",7
0043uixnlyupuco34pxwqjx4r,6501554,6069701,2000-05-01,"Hashimoto et al.",A,US,"cited by other",34
0044nyntq8q4v0fpr2cr4sf8a,7637337,6058898,2000-05-01,"Freese, V",A,US,"cited by examiner",9
0044un5k9zwr36prpmy5urzwb,D426712,D419309,2000-01-01,Leon,NULL,US,NULL,5
0045h6hlskt00i64om1tev9vy,7177122,6023395,2000-02-01,"Dill et al.",A,US,"cited by other",8
0045qnee5qb5gnjn84s8h0etn,7822680,6044362,2000-03-01,Neely,A,US,"cited by other",35
0048hie0ypd9033wqrdc6v3p6,D466370,D429445,2000-08-01,Sung,S,US,"cited by examiner",8
0049lnnib39w5vhe7q54vfugq,7584169,6055527,2000-04-01,"Badger et al.",A,US,"cited by other",7
0049np715w1ds7808xdrx3e8i,9344500,6058454,2000-05-01,"Gerlach et al.",A,US,"cited by applicant",11
0049nrqqzxf7j8sqkxpdfsf2r,7404685,6036394,2000-03-01,Cheng,A,US,"cited by other",107
004a0dw5ryohr9xp2ecf4evlf,8333787,6042601,2000-03-01,Smith,A,US,"cited by other",113
004a7i1nf3rx39ddhzjfbv2jp,6794631,6147391,2000-11-01,"Bowers et al.",A,US,"cited by other",14
004amv89zzn5lqwuznhh8xciq,8337229,6146197,2000-11-01,"Holliday et al.",A,US,"cited by other",390
004bkxmdsnxl7lxgeodwy1ijs,7627895,6070141,2000-05-01,"Houvener et al.",A,US,"cited by examiner",0
004c2ahvretwnmoiivbdocxcr,6338193,6148510,2000-11-01,"Yokoi et al.",A,US,"cited by examiner",0
004c8hzkx82s99kr1llrkluv7,7728517,6105202,2000-08-01,"Grasso et al.",A,US,"cited by other",48
004cd1e0aymujnujzhx7nflsq,9265568,6051010,2000-04-01,"DiMatteo et al.",A,US,"cited by examiner",21
004ceh6i7f544hmovvxo0uho2,8075855,6117643,2000-09-01,"Simpson et al.",A,US,"cited by other",1
004cgrt8pim96vdu9hk6zwn1e,6931843,6164067,2000-12-01,Cronje,A,US,"cited by examiner",4
004crkc3zg0p358thihiww7ng,9005098,6010444,2000-01-01,"Honeycutt et al.",A,US,"cited by applicant",10
004d5mtz3oh7krzhvzvm3s5e0,7992725,6010627,2000-01-01,"Hood, III",A,US,"cited by other",270
004dlwuvmefqo52vemkd7zo9z,7579307,6068788,2000-05-01,"Kezuka et al.",A,US,"cited by other",3
004dm3l3puld8pgxckhddrr0p,6740877,6031230,2000-02-01,Toumatsu,A,US,"cited by other",14
004dytt516n8vuq7lqrdincyy,9427281,6016811,2000-01-01,"Knopp et al.",A,US,"cited by applicant",248
004ejdgys41ma1wv6dxjs5i0h,9687309,6099518,2000-08-01,Adams,A,US,"cited by examiner",29
004ejubvmg457wi8u43p3jn9w,D447546,6128793,2000-10-01,Weinstein,NULL,US,NULL,15
004etw3ufpjtof3skvrk3icjz,7337219,6167120,2000-12-01,Kikinis,A,US,"cited by other",17
004fb5oti7pv62vfw2wi3120d,8433424,6036673,2000-03-01,Quinn,A,US,"cited by examiner",5
004ffjfvxbqg8kpshiwy3r2gf,8833355,6026798,2000-02-01,"Sanders et al.",A,US,"cited by examiner",53
004fghjun2uwdrs3wq6x8w09a,7181162,6138012,2000-10-01,"Krutz et al.",A,US,"cited by other",129
004fhvcyikha637auml2zb7ld,7393277,6059289,2000-05-01,Vancura,A,US,"cited by other",71
004fzbbq5vjf18h1tt30d24r2,8893017,6163775,2000-12-01,"Wlaschin et al.",A,US,"cited by applicant",36
004gicoioozf04ltct6m0zzub,7904249,6030779,2000-02-01,Short,A,US,"cited by other",53
004gjsib10w86xbwjqug1um3q,9078993,6063082,2000-05-01,"DeVore et al.",A,US,"cited by applicant",1
004h5bhaes81zfsp4fzg38yr7,8638578,6069798,2000-05-01,Liu,A,US,"cited by applicant",135
004h78qkm3g8jy8gxv8uxwkpu,8388467,6045461,2000-04-01,"Yamagishi et al.",A,US,"cited by applicant",11
004hqx0je17d2mg1wbo0ph0ck,8649535,6115477,2000-09-01,"Filo et al.",A,US,"cited by applicant",69
004hwdoncff7mkqqc03x8jeuz,D556308,D434839,2000-12-01,"Hulsebus et al.",S,US,"cited by other",2
004i7cc6iciolyf948atvd1wg,7768408,6129823,2000-10-01,"Hughes et al.",A,US,"cited by other",178
004j11hx0az2dj3tqympztok0,6507702,6041184,2000-03-01,"Inoue et al.",A,US,"cited by examiner",6
004j5iyeflhwmnraitbzz22lv,7207996,6045508,2000-04-01,"Hossack et al.",A,US,"cited by other",64
004knft3sz3x9lk3qmbzi9kly,8227154,6156468,2000-12-01,"Wehelie et al.",A,US,"cited by other",10
004l7zj64ebn3oqi1qsj39m16,7750652,6150186,2000-11-01,"Chen et al.",A,US,"cited by other",592
004l9tjy8mb361nzleio6x60p,7356461,6038561,2000-03-01,"Snyder et al.",A,US,"cited by examiner",1
004lnnk0zlgdcx4gk7zg9dm3n,9494320,6135366,2000-10-01,"Bodelin et al.",A,US,"cited by applicant",95
004m3dnl3ik3ia4tglg15jyg5,6673663,6127700,2000-10-01,Bulucea,A,US,"cited by other",38
004m6fy2k75fccez33tl1zexs,7783753,6011537,2000-01-01,Slotznick,A,US,"cited by other",20
004moztrexmbaoywk07ofu75f,8487910,6064354,2000-05-01,DeLuca,A,US,"cited by examiner",10
004mtue0ekfs20heztvbjaevc,8843723,6016273,2000-01-01,"Seki et al.",A,US,"cited by applicant",16
004n833033q0xnswrnhy4rysb,8655580,6107940,2000-08-01,Grimm,A,US,"cited by applicant",109
004nhgn6d6dlfzccpno1hwu9k,9237891,6050472,2000-04-01,Shibata,A,US,"cited by applicant",774
004ov5uh0kn5gde8xq39hwsv9,8778698,6102872,2000-08-01,"Doneen et al.",A,US,"cited by examiner",26
004ovlm3oz4rf8xkfz0p9rcxw,6672758,6160225,2000-12-01,Isikawa,A,US,"cited by examiner",5
004phd6e6zp145qx10nqg7q8s,8111169,6119526,2000-09-01,"Reigstad et al.",A,US,"cited by other",0
004qhzaxp47bfxjo7ayaot0j4,6671523,6026291,2000-02-01,"Carlsson et al.",A,US,"cited by examiner",1
004qil17g9sf9oo0sxuerilzu,8223014,6150948,2000-11-01,Watkins,A,US,"cited by examiner",3
004qoqgnck1wmrwbbfi40iqsy,7572884,6011007,2000-01-01,"Havelund et al.",A,US,"cited by other",4
004qy8tbetk69b1cdb7xk4vbt,7932911,6058408,2000-05-01,"Fischer et al.",A,US,"cited by other",63
004rnpjhysww2dj3utehzuczt,8201449,6082197,2000-07-01,"Mizuno et al.",A,US,"cited by examiner",3
004rrz4hfd89gz8dbbzfje0sd,8931431,6089692,2000-07-01,Anagnostopoulos,A,US,"cited by examiner",32
004rtavgxfvlyodsuk63r02t6,8075676,6010555,2000-01-01,"Smolarek et al.",A,US,"cited by other",62
004ru5jko2f1l1hbfe9t9sfer,6345614,6009846,2000-01-01,"Walker, Jr.",A,US,"cited by examiner",8
004s4buiewvkrdlcm4n789uot,6349862,6116481,2000-09-01,Arnold,A,US,"cited by examiner",8
004sct53c3wit7570pd7si7l3,9050414,6048332,2000-04-01,"Duffy et al.",A,US,"cited by applicant",18
004silssyir4hwidqekw1jdvc,7260298,6075375,2000-06-01,"Burkhart et al.",A,US,"cited by other",60
004t84vapnpjh0dtv5p3m0m5g,6773523,6051093,2000-04-01,Tsukahara,A,US,"cited by other",25
004tbi5clnlq3ipq0qp0olmuw,6950540,6115483,2000-09-01,Suga,A,US,"cited by other",6
004tj72ej8nja5xj8lvbhvbmm,7747579,6167402,2000-12-01,Yeager,A,US,"cited by other",63
004u1y8vxci5jiabot33j2k5q,9197206,6035180,2000-03-01,"Kubes et al.",A,US,"cited by applicant",86
004vovqkmkinr13ithyew79o6,6275888,6119192,2000-09-01,"Kao et al.",NULL,US,NULL,18
004whysfs90m3nf3o6tqptmw6,8341407,6134327,2000-10-01,"Van Oorschot",A,US,"cited by other",131
004wsht86uy6mwc338t1z8ddt,7429486,6080560,2000-06-01,"Russell et al.",A,US,"cited by other",9
004y3uqwp7ahln8w7ky3tiaqf,7989845,6063655,2000-05-01,"Shealy et al.",A,US,"cited by other",2
004zf5k88a8s2kmarblrxpoh2,8516924,6082222,2000-07-01,"Kiyosawa et al.",A,US,"cited by applicant",6
004zkixs6bsjfljv9ymdqrqss,8115794,6104522,2000-08-01,"Hayashi et al.",A,US,"cited by other",14
00503rzxj6o4ttxy4mphfv7vl,9273353,6140048,2000-10-01,"M&#xfc;ller et al.",A,US,"cited by applicant",100
0050idsrkzl3pok8ctq9rfjac,8768952,6078258,2000-06-01,"Auerbach et al.",A,US,"cited by applicant",71
0050v3xeglpvpmdgupzid1bp3,7141279,6037058,2000-03-01,"Clikeman et al.",A,US,"cited by other",53
0051yn1rb5mh73r0dz4lzn1v6,8067854,6141170,2000-10-01,"Hatae et al.",A,US,"cited by other",2
0052gqpq79k8ca7wdoki8xgku,D655378,6027644,2000-02-01,"Magnusson et al.",A,US,"cited by other",38
0052kpywzmssqumpc6qa531ut,7469312,6065087,2000-05-01,"Keaveny et al.",A,US,"cited by other",12
0052o9c4y3x1p77tuw9j2k1z6,6975632,6052145,2000-04-01,"Macrae et al.",A,US,"cited by other",30
005335rof9r657p5va2v63yze,D731048,6073630,2000-06-01,Adahan,A,US,"cited by applicant",153
0054ir3cgtsw2xolnwvwwrrwo,8201962,6098825,2000-08-01,Kohnen,A,US,"cited by other",159
0054kmid7trvrewl0vibsw0qj,8525030,6150612,2000-11-01,"Grandy et al.",A,US,"cited by applicant",43
0054xjolhdlamz9bhzfexrs4n,8149048,6061511,2000-05-01,"Marantz et al.",A,US,"cited by other",481
00555gsehtkqg7wlisroj37b3,8616085,6058803,2000-05-01,Yamanaka,A,US,"cited by applicant",1
0055f4l8yccj46dwwrk0xsvwl,8676338,6051159,2000-04-01,"Hao et al.",A,US,"cited by applicant",119
0055jnh8xt8d8gq8tyga2b7wm,D631598,6155695,2000-12-01,Sealy,A,US,"cited by examiner",5
0055xbsh4eyukefwctqpy8pj9,7133940,6101555,2000-08-01,"Goshey et al.",A,US,"cited by other",96
0058ixkjvh2jfd1mfty6jt0gy,7941675,6119241,2000-09-01,"Michail et al.",A,US,"cited by other",81
0059hqi1hd794nis6gort79yl,8444608,6024693,2000-02-01,"Schock et al.",A,US,"cited by applicant",99
0059ov61r6vjis7am6dz3e4mb,9247989,6047700,2000-04-01,"Eggers et al.",A,US,"cited by applicant",174
005b8jjtuyfex38ilmo3fvbxa,8449909,6162467,2000-12-01,"Miller et al.",A,US,"cited by applicant",29
005bpqm91srdog5f599jfvglz,8585591,6073031,2000-06-01,"Helstab et al.",A,US,"cited by applicant",655
005c3h7wz2hst63kw6qabk5jp,9730326,6017239,2000-01-01,Watanabe,A,US,"cited by examiner",16
005ccp3et23m4xa6mhz95escf,7228526,6110228,2000-08-01,"Albright et al.",A,US,"cited by other",8
005cie5cq5hsx4dtg9t0zsqgy,7403564,6040863,2000-03-01,Kato,A,US,"cited by other",22
005cmcssjl9bgn2leqwteriuk,8247335,6162340,2000-12-01,Zakikhani,A,US,"cited by other",177
005cv0iecfln1ppfg5df3lcvq,9109875,6122891,2000-09-01,Carpenter,A,US,"cited by applicant",6
005cvhd5hbcbpno02o9tfhb2j,7785191,D421277,2000-02-01,"McGahn et al.",S,US,"cited by other",118
005czkwzpzk2cv9r98qxsjc2y,8376250,6138927,2000-10-01,"Spear et al.",A,US,"cited by applicant",27
005dv4b33o9tv4171a5a5my5t,8479521,6070412,2000-06-01,"Ansart et al.",A,US,"cited by applicant",24
005exjr4qzgev637ei0zk6n8j,7035698,6025562,2000-02-01,"Shimizu et al.",A,US,"cited by examiner",1
005eyo7d2im3pzk185ejqairi,8628566,6042607,2000-03-01,"Williamson, IV",A,US,"cited by applicant",116
005fmusrxmd0m3pwkuosjb52e,9198714,6113594,2000-09-01,Savage,A,US,"cited by applicant",293
005fqqjg3hae3xke08vo5djth,8937687,6078308,2000-06-01,"Rosenberg et al.",A,US,"cited by applicant",66
005fsaexd1nfe1kw6ztou9jw0,7565030,6061055,2000-05-01,Marks,A,US,"cited by other",52
005g6syof9eb2a96yudeftvey,8447319,6091362,2000-07-01,Stilp,A,US,"cited by applicant",39
005gcyqepaklsta2lkzefm2au,7971179,6026362,2000-02-01,"Kim et al.",A,US,"cited by examiner",0
005ggiadhx7ak4o2uim8czm79,6922273,6163026,2000-12-01,"Bawolek et al.",A,US,"cited by other",709
005hmz49g7s6sg26dpkvpcvb8,9289886,6142243,2000-11-01,Mayer,A,US,"cited by applicant",310
005hq34zyob2zh8o9qu18ba72,9579077,6162192,2000-12-01,"Cragg et al.",A,US,"cited by applicant",217
005i4vz2q50egc5kz8gljy3e3,9320631,6120480,2000-09-01,"Zhang et al.",A,US,"cited by applicant",162
005ibuom2p4a2ib7odo86yaqp,6845259,6095990,2000-08-01,Parodi,A,US,"cited by other",27
005ihgce9l0n30ut22k18pce2,7543336,6112181,2000-08-01,"Shear et al.",A,US,"cited by other",75
005iyuzwhg114a5gcnk3uvrdb,8290859,6032133,2000-02-01,"Hilt et al.",A,US,"cited by other",52
005kndmzu05pwcriztaqbcxhi,8189285,6105119,2000-08-01,"Kerr et al.",A,US,"cited by other",171
005lrlrmd4wpa921wkg8xlcvd,8275863,6061798,2000-05-01,"Coley et al.",A,US,"cited by other",129
005m2k0m51ydy2zswqrpq71t5,9390359,6045043,2000-04-01,"Bashan et al.",A,US,"cited by applicant",22
005na48w930shho7ejnp44j60,8047812,6071249,2000-06-01,"Cunningham et al.",A,US,"cited by other",188
005nlv69yume3ba5bcredgdyq,8611025,6028720,2000-02-01,"Wartmann et al.",A,US,"cited by applicant",5
005oibx19p3p3p2ni8bo8jgkg,7186577,6121060,2000-09-01,Kameyama,A,US,"cited by examiner",9
005p4ftjoc3g07z6n213n7bga,8216250,6102850,2000-08-01,"Wang et al.",A,US,"cited by other",13
005q25sze5395gp7zhve1cp5t,8703599,6051878,2000-04-01,"Akram et al.",A,US,"cited by applicant",34
005q5f7n09l7frs1pzj1zvnzh,6783046,6123241,2000-09-01,"Walter et al.",A,US,"cited by examiner",6
005qdnn82p8uaba4civxp3lov,6652574,6090134,2000-07-01,"Tu et al.",A,US,"cited by examiner",73
005ruu5mdqp65ma9osxb87b6x,9221364,6024410,2000-02-01,Yoshida,A,US,"cited by examiner",8
005rxwr59vovfypfl7brrpdsv,7680471,6111539,2000-08-01,"Mannings et al.",A,US,"cited by other",222
005rydit1lqg0vooon14orh9r,8363057,6057859,2000-05-01,"Handelman et al.",A,US,"cited by applicant",4
005s1uewwrqrdh7m0ybap1afk,7311729,6099552,2000-08-01,Adams,A,US,"cited by other",38
005s3tzyzz5f3z0uocur6s6oy,8801611,6074775,2000-06-01,"Gartstein et al.",A,US,"cited by applicant",200
005s58ohrhx2bfb067iut1zyo,7482823,6104206,2000-08-01,Verkuil,A,US,"cited by other",563
005spbl1pq5tj20fn5r5cl0yn,6984188,6062114,2000-05-01,Rahm,A,US,"cited by other",62
005ssss15q4woox3g5wh4q0zo,8472721,6081620,2000-06-01,Anderholm,A,US,"cited by examiner",5
005stm2ik2qo2yr7ixuzfi3ox,8002770,6161543,2000-12-01,"Cox et al.",A,US,"cited by other",103
005tnnridgw41d68go0gqkrxs,7758636,6096070,2000-08-01,Ragheb,A,US,"cited by other",17
005uqb2rfxipioz8vsclfxsi9,6964269,6054678,2000-04-01,Miyazaki,A,US,"cited by examiner",45
005v4oxoc4rl4exewdmlzrzjg,7544070,6059615,2000-05-01,"Pendleton et al.",A,US,"cited by other",17
005vbd3gshwcel6jng24xcum3,8077949,6122103,2000-09-01,"Perkins et al.",A,US,"cited by other",9
005vqt1vk4gm84k2m2uzq4fcw,6335956,6061416,2000-05-01,"Koyama et al.",A,US,"cited by examiner",12
005wol2otbji29w0a17nann9v,8758121,6162121,2000-12-01,"Morro et al.",A,US,"cited by applicant",123
005xb148ntxvcs8zu80e1alip,8724522,6023724,2000-02-01,Bhatia,A,US,"cited by applicant",140
005xg7qs9b3bejgyscwx8con6,6457001,6112207,2000-08-01,"Nori et al.",A,US,"cited by examiner",5
005xquclza6mkbr1yfwmmbd32,6208939,6106561,2000-08-01,Farmer,NULL,US,NULL,2
005xtwtbuub1leo2jcs4euixb,7201472,6053976,2000-04-01,"Takatsuka et al.",A,US,"cited by other",3
005zioya84c5o1jo7uduurqaa,D615343,D422833,2000-04-01,"Cruz et al.",S,US,"cited by examiner",13
00605kwc8xg269ytea91ulz6b,9094802,6115669,2000-09-01,"Watanabe et al.",A,US,"cited by applicant",254
0060oameq5rda1gb4wvklwtod,8341018,6075850,2000-06-01,"Ali et al.",A,US,"cited by examiner",33
0060um4nj5aaabzg0wb8bc1iy,8791672,6166527,2000-12-01,"Dwelley et al.",A,US,"cited by examiner",3
0061a96qna0uy61vujzn4nr20,7791180,6166430,2000-12-01,Yamaguchi,A,US,"cited by other",5
0061um75lzvrmgglk7pg5vnzn,7835960,6038584,2000-03-01,Balmer,A,US,"cited by other",300
00628gthf71tackk08jkultcd,8133229,6015419,2000-01-01,Strome,A,US,"cited by other",261
0062gjii8hvh57p1nxgco87xp,6946953,6025563,2000-02-01,"Lesesky et al.",A,US,"cited by other",17
0063r7sf3e3s9504vtw8gejav,6681936,6161738,2000-12-01,Norris,A,US,"cited by examiner",8
0063u78vdpd2z4bp11z0q59l3,9082161,6111656,2000-08-01,"Nohata et al.",A,US,"cited by examiner",2
0063zs22nts2ia01c5d2y2sku,7588550,6056930,2000-05-01,Tung,A,US,"cited by other",143
0063zwnant3mwugsax1hnn3by,8784790,6143330,2000-11-01,"Aaltonen et al.",A,US,"cited by applicant",39
0065cnle8c9t3cfoyomlkotda,6693664,6028664,2000-02-01,"Cheng et al.",A,US,"cited by examiner",5
0065moqnt26ohxhg1rf72ak9z,D482654,6157163,2000-12-01,Blackwood,A,US,"cited by examiner",37
0065tpzcn7acsh9nr10z0zhl4,7245205,6039390,2000-03-01,"Agrawal et al.",A,US,"cited by examiner",4
0066emvct2x1ppetlsd7djxk2,7816001,6094882,2000-08-01,Pervan,A,US,"cited by other",168
0066lma0snj6gzibqdnzm7hbx,8204070,6023471,2000-02-01,"Haddock et al.",A,US,"cited by examiner",1
0066zbhitqmhlx2zvnzcu26ba,9211362,6103255,2000-08-01,"Levene et al.",A,US,"cited by applicant",118
00670f5v12hesf009n6uiclab,D740131,D427057,2000-06-01,"Roth et al.",S,US,"cited by applicant",14
0067gl7lp6luo5n0vw7662c8m,8641688,6152909,2000-11-01,"Bagaoisan et al.",A,US,"cited by applicant",370
0068bk7xjjj9cvfizk4bwuzxz,9207863,6067079,2000-05-01,Shieh,A,US,"cited by examiner",1
0068pzxldnj2kij63pkaitm6f,7084016,6071764,2000-06-01,"Zhang et al.",A,US,"cited by other",55
0068q55vqkthj9jqd7qilcd8a,7688936,6081322,2000-06-01,Barbour,A,US,"cited by examiner",13
00692mqtqsuylyma6dx4wahp1,8396915,6058408,2000-05-01,"Fischer et al.",A,US,"cited by applicant",131
0069rxpxjclkoh40zm86z5fra,9478940,6134003,2000-10-01,"Tearney et al.",A,US,"cited by applicant",212
006arijswrz0sjv00sfqhas0k,7220053,6039182,2000-03-01,Light,A,US,"cited by other",203
006b3k7cyd8v4plngx72cekfv,7522434,6167329,2000-12-01,"Engel et al.",A,US,"cited by examiner",8
006bhlwdjqwzs5os14od7jbjy,9345148,6157079,2000-12-01,Taguchi,A,US,"cited by applicant",14
006btj8g54c9iszf5h8ypgcok,8549732,6011987,2000-01-01,Barnett,A,US,"cited by applicant",475
006bvaqd6wlt9m9ptl37hw82b,9419957,6115690,2000-09-01,Wong,A,US,"cited by applicant",336
006bvsjilgfbtmta2kg84dmtw,7151860,6137905,2000-10-01,Takaoka,A,US,"cited by examiner",11
006c3t36wgldrublv4luliov4,7830129,6011385,2000-01-01,"Brandt et al.",A,US,"cited by examiner",0
006cm3vi0kdhb7cspkhoumztx,D627444,D428640,2000-07-01,Pitsch,S,US,"cited by examiner",2
006cmk22a1takg0w1yyvo432s,7217878,6100461,2000-08-01,Hewitt,A,US,"cited by other",60
006cz63dnjihj3840pwxvgnh1,6475312,6074502,2000-06-01,"Burns et al.",A,US,"cited by examiner",23
006db18xb6733ln2b2ggrjmv0,7194199,6018616,2000-01-01,Schaper,A,US,"cited by examiner",2
006dimo7d3zzol2xocku5gp43,7139994,6068662,2000-05-01,"Scepanovic et al.",A,US,"cited by other",44
006ds6sn7owr1uyn2ogg3lakv,7232042,6050451,2000-04-01,"Hess, III et al.",A,US,"cited by other",2
006dxz53f935oysmk7hcvsyve,7684866,6078838,2000-06-01,Rubinstein,A,US,"cited by other",149
006ep40uiipq6zg7ak9ik1pzg,6398708,6024690,2000-02-01,"Lee et al.",A,US,"cited by other",157
006erkxcmb696n82w6fag47by,9395876,6075992,2000-06-01,"Moon et al.",A,US,"cited by applicant",8
006erl5lif2j5k5v23bx9wg23,9053009,6128094,2000-10-01,Smith,A,US,"cited by applicant",1
006f45v1zg1657p5wq08lnf0m,8597846,6037072,2000-03-01,"Wilson et al.",A,US,"cited by applicant",171
006f95b7vy0hh02lmq945blh9,7254553,6052669,2000-04-01,"Smith et al.",A,US,"cited by examiner",4
006feanzjke330j7vb0esrsam,7451273,6049476,2000-04-01,"Laudon et al.",A,US,"cited by other",59
006g6y16e68700zyggu1v1ofb,8940315,6096344,2000-08-01,"Liu et al.",A,US,"cited by applicant",53
006g7pyvavkb9qnsl2imp99te,9170842,6078942,2000-06-01,"Eisler et al.",A,US,"cited by applicant",0
006g8gdkuste3f033wlkz3yf8,6507250,6014067,2000-01-01,"Matsumoto et al.",A,US,"cited by examiner",6
006h1xlqh59i6ak3k1k9hhpse,6536524,6025780,2000-02-01,"Bowers et al.",A,US,"cited by other",31
006harwutfz9w1a9kgqehz5a6,6990926,D426035,2000-05-01,Huang,S,US,"cited by examiner",6
006hjmo6sjbuxalqnqlxgorur,9618316,6133906,2000-10-01,Geaghan,A,US,"cited by applicant",22
006hrfy5gcqa7rkc1ftvtenhr,D536342,6018748,2000-01-01,Smith,A,US,"cited by examiner",0
006i3bdmyc239x4g7fe5pqxz0,8838658,6058400,2000-05-01,Slaughter,A,US,"cited by applicant",20
006j9xjed26dqer6c9un2maq8,9287829,6137367,2000-10-01,"Ezzedine et al.",A,US,"cited by applicant",3
006jvmg95bhqz67ibcchbjvjh,9216019,6056746,2000-05-01,"Goble et al.",A,US,"cited by applicant",818
006k5mgeqybz757519r0uz05j,7900629,6089348,2000-07-01,Bokor,A,US,"cited by other",38
006k6mc0c8t8c98jr9d1qb5wl,6821881,6113465,2000-09-01,"Kim et al.",A,US,"cited by other",16
006kgsnro1xmp7sqz6wxxja7q,9410304,6109858,2000-08-01,Deneve,A,US,"cited by examiner",5
006kw5b8nkpjle60mqa4o1yca,6533700,6048287,2000-04-01,Rohloff,A,US,"cited by other",23
006l6lhjoc8l1rsztukxcm7c6,8999367,6117296,2000-09-01,Thomson,A,US,"cited by applicant",19
006lba1l7vwhwmf657oaf6oq1,8252328,6024981,2000-02-01,Khankari,A,US,"cited by other",37
006m2iyr1mppct4821gbbnkoi,7175137,6037543,2000-03-01,"Nicoli et al.",A,US,"cited by other",44
006m9o030pnpl6cbkyzw33he8,7979803,6085186,2000-07-01,"Christianson et al.",A,US,"cited by other",10
006mi91ds6297lk8745gwjr9f,D664788,6095346,2000-08-01,Idelberger,A,US,"cited by examiner",8
006n0xv6acyq4t3bhpt2pjoxb,6351467,6038601,2000-03-01,"Lambert et al.",A,US,"cited by examiner",18
006n46zom9d2dm5krk1gorm2c,9710894,6115049,2000-09-01,"Winner et al.",A,US,"cited by applicant",27
006n4dal5epwnvmi7a234wxe6,9089301,6123667,2000-09-01,"Poff et al.",A,US,"cited by applicant",95
006nhpgqojjl8zebj6vguexcl,8571808,6052565,2000-04-01,"Ishikura et al.",A,US,"cited by applicant",128
006nmtrpbqnuaxo5rtxorf4j4,6958267,6037205,2000-03-01,"Huh et al.",A,US,"cited by other",38
006oa2blf8qdue4ssm6hacb0a,6699253,6110178,2000-08-01,"Zech et al.",A,US,"cited by other",20
006oce3aej85hp8mk8y7tzx40,7029394,6119229,2000-09-01,"Martinez et al.",A,US,"cited by other",5
006og3w8ersy3bxubd409fquh,9295570,6127173,2000-10-01,"Eckstein et al.",A,US,"cited by applicant",229
006p25azj564bfsu737rdsjqn,7488313,6120904,2000-09-01,"Hostettler et al.",A,US,"cited by other",9
006pc0nnx3vxhm850m4t4m89q,6771900,6154609,2000-11-01,"Muramatsu et al.",A,US,"cited by other",2
006q6nk31br1ot615qq0i9wvb,RE46243,6128646,2000-10-01,Miloslavsky,A,US,"cited by applicant",632
006qj1q5uk3lpk7bz6pvphyaq,9409633,6056478,2000-05-01,"Martin et al.",A,US,"cited by applicant",20
006qpt5cv0eqajzgj9i1qe6xg,8527619,6086397,2000-07-01,"Chapman et al.",A,US,"cited by applicant",8
006rcpo1l608r9omi6deygowb,7151489,6097974,2000-08-01,"Camp et al.",A,US,"cited by other",2
006rhy4cczc6ibfi2put5uw43,6887253,6156051,2000-12-01,Schraga,A,US,"cited by other",104
006rmrvs7ivp4zuk3aunbydeh,7484054,6094416,2000-07-01,Ying,A,US,"cited by other",51
006s3dbl8vxa0fynr31zpxup4,8677517,6029269,2000-02-01,El-Soudani,A,US,"cited by applicant",41
006sm3z3ier52m4oy5rroml7a,7782891,6025744,2000-02-01,"Bertolet et al.",A,US,"cited by other",55
006szlkkbegicxk9lxjdqtft0,7231024,6108782,2000-08-01,"Fletcher et al.",A,US,"cited by other",35
006t017ukjhmwqb44jfm7dbt5,6792817,6145387,2000-11-01,Garshelis,A,US,"cited by other",38
006ta8o3y39u43qv0whujsjy3,7549468,6092756,2000-07-01,Sola,A,US,"cited by other",32
006tcnngpkv1c7nht56hlbmvo,7855618,6087198,2000-07-01,Panasik,A,US,"cited by other",85
006upb9qhdbe4rlizr1bs1xq9,9397125,6100119,2000-08-01,"Jang et al.",A,US,"cited by applicant",2
006uw68o5ckuqpvninx6xfh9n,8868042,6124799,2000-09-01,Parker,A,US,"cited by applicant",6
006v752vbij29uyvomwmynj9x,7983655,6058300,2000-05-01,Hanson,A,US,"cited by other",23
006v9z0lyv5tj8ml8s1n7pkzp,8469864,6102837,2000-08-01,Hubbard,A,US,"cited by examiner",22
006vgkbj5ug62zx744doguhke,7749250,6024758,2000-02-01,Thal,A,US,"cited by other",648
006vvses7u2q2lt8oace5f4qe,8334506,6069355,2000-05-01,Mordehai,A,US,"cited by other",176
006wf9cf9m6vv6ap7xm6xgowe,8932056,6106296,2000-08-01,Johnson,A,US,"cited by applicant",19
006wmjbhldgloplzldr4fo2g5,6891839,6029175,2000-02-01,"Chow et al.",A,US,"cited by other",12
006wwyx7rbg5qw0q0ey96aqnv,7220416,6143731,2000-11-01,"Jamas et al.",A,US,"cited by other",15
006xckawbhhrpojubbsz9c45n,7270705,6162258,2000-12-01,"Scarborough et al.",A,US,"cited by other",67
006xljvedw8f8v2wr6b8w5iwg,6769309,6142194,2000-11-01,McClaran,A,US,"cited by examiner",7
006y7xf0jnap84tuhlvockodu,6690844,6114994,2000-09-01,"Soref et al.",A,US,"cited by other",57
006yh6x5qd1p1vmjozg2rkihy,8500541,6089977,2000-07-01,Bennett,A,US,"cited by applicant",4
006z6kix9jex5k4gmuk3dfb9h,9320320,6138382,2000-10-01,Schoesler,A,US,"cited by examiner",49
00711zly6n2lqpjir8ie152lr,8862393,6166627,2000-12-01,Reeley,A,US,"cited by applicant",82
0071ks9u833kk5yv6izee34tr,9055221,6028611,2000-02-01,"Anderson et al.",A,US,"cited by applicant",953
0071p9h4soqlqyiu17kp7lxmx,9149629,6148222,2000-11-01,"Ramsey, III",A,US,"cited by examiner",5
00720ad7brmwjz63kkl9176a0,8719451,6067413,2000-05-01,"Gustafsson et al.",A,US,"cited by applicant",6
0072e88ra2og2q2pbhz5jrmnq,9534787,6016658,2000-01-01,"Willis et al.",A,US,"cited by applicant",25
0074f3i5xm9dpi1q60fotomdl,6911698,6027960,2000-02-01,"Kusumoto et al.",A,US,"cited by other",52
0074j6oi4wa4u6oza9vvihxcc,D718864,6092529,2000-07-01,Cox,A,US,"cited by examiner",3
0074qskm9mmgzvt1bp2i5h7r2,6899064,6101994,2000-08-01,Ichikawa,A,US,"cited by other",8
007507lt0g4rcaas7b8od3d5u,6895503,6138119,2000-10-01,"Hall et al.",A,US,"cited by examiner",28
0075bmag1lzribh2ozwzekc5q,7115514,6034975,2000-03-01,"Harter et al.",A,US,"cited by other",77
0075e1az6thmi4kfcloaxx1af,7491308,6027631,2000-02-01,Broadbent,A,US,"cited by other",36
0075ymjt6pcd9lkzxrhq0e56r,9279445,6099217,2000-08-01,"Wiegand et al.",A,US,"cited by examiner",5
00763bljczf6plljgep3h6zuw,7794426,6045537,2000-04-01,Klitmose,A,US,"cited by other",52
00766eq4c32vmicytws1kctbl,9271238,6131116,2000-10-01,"Riggins et al.",A,US,"cited by applicant",201
00776s37xugbtc0czrztaexgw,6715114,6026038,2000-02-01,"Cho et al.",A,US,"cited by examiner",9
0077qrzlrolgjhdkghgxwvdso,7419990,6166037,2000-12-01,"Budhu et al.",A,US,"cited by other",0
0077r8tudvq2ei3n0r2ehtvri,RE42877,6070500,2000-06-01,"Dlask et al.",A,US,"cited by other",514
00797fppzimolsslvy9wq02yp,8752759,6045042,2000-04-01,Ohno,A,US,"cited by applicant",294
0079m6u08lfod147tpprgyrfv,7684859,6128538,2000-10-01,"Fischell et al.",A,US,"cited by other",60
007a35vbbh9bk8n62br50xmaf,6795876,6167506,2000-12-01,Witt,A,US,"cited by examiner",11
007an0whpldpv918t1jdtw1kh,9162101,6048292,2000-04-01,Gasquez,A,US,"cited by examiner",18
007au3gksdvkfs8kq8blolhl9,7567697,6165181,2000-12-01,"Heilbrun et al.",A,US,"cited by other",49
007b47dezhdy3pirv7ok24cao,8019179,6160900,2000-12-01,"Miyawaki et al.",A,US,"cited by examiner",12
007b9gpfgn7v1ca6uxc2axwfc,7155205,6052448,2000-04-01,Janning,A,US,"cited by other",28
007e9tqrg30tvvrf2hmix16jm,D542081,D427483,2000-07-01,"Geelen et al.",S,US,"cited by examiner",5
007emkh1tao8vrblz5k7m7536,8484479,6152369,2000-11-01,"Wilz, Sr. et al.",A,US,"cited by applicant",70
007etexxbsa5rlpvzjtp5vnxy,8123700,6022748,2000-02-01,Charych,A,US,"cited by other",703
007euqlpi15u7yjyhy8emsnca,8179236,6157424,2000-12-01,Eichenlaub,A,US,"cited by other",674
007f4ehhz3056f86vnivmmbdu,7961393,6018841,2000-02-01,"Kelsay et al.",A,US,"cited by other",203
007guss3xpkqpigc2bjoe9x59,6504768,6026465,2000-02-01,"Mills et al.",A,US,"cited by other",21
007gwff7j38l2ka7k8wdownt8,6310360,6091382,2000-07-01,"Shioya et al.",NULL,US,NULL,10
007h709euhx4cmhbkiiueyzk3,8370122,6128577,2000-10-01,"Assa et al.",A,US,"cited by applicant",16
007isjcqwhns3q4uh768g6xa3,7797138,6113644,2000-09-01,Weber,A,US,"cited by other",20
007iuoj0wehr3uk1dzomwkd5a,7989447,6093716,2000-07-01,"Davis et al.",A,US,"cited by other",21
007j2dn7evm1hfjjinhyhwc1r,7746257,6157331,2000-12-01,"Liu et al.",A,US,"cited by other",24
007jint5g2w7o4e0cc5f1vmzx,7711053,6167164,2000-12-01,Lee,A,US,"cited by examiner",12
007kbo4b9xr232tkrb6oyspid,9280681,6023223,2000-02-01,"Baxter, Jr.",A,US,"cited by applicant",9
007kcg4t6omtgz116pn3s101b,7220760,6140343,2000-10-01,"DeNinno et al.",A,US,"cited by other",3
007kwhxxm5zpvrj2yf0b8jts8,7690751,6139125,2000-10-01,"Otsuka et al.",A,US,"cited by examiner",12
007l8yezkbfcnv6bpt9df5bwf,7771415,6128174,2000-10-01,"Ritter et al.",A,US,"cited by other",16
007lz7j88fvjwp52txufqiq0n,8087824,6094904,2000-08-01,"Goodrich et al.",A,US,"cited by examiner",12
007m8ap2jj8p0k1mf3co7msmy,7516460,6063128,2000-05-01,"Bentley et al.",A,US,"cited by examiner",0
007n9k2r5pg7og5mdbkykpr9t,7426835,6082445,2000-07-01,Dugan,A,US,"cited by other",51
007niwcewu1qufax08agiwe3d,6794813,6114804,2000-09-01,"Kawase et al.",A,US,"cited by other",7
007nxp5r7uz9a2w5uy15cs8e3,7590943,6061653,2000-05-01,"Fisher et al.",A,US,"cited by other",8
007o8p4btf4psy273aq14ddac,7389543,6129435,2000-10-01,"Reichow et al.",A,US,"cited by other",58
007ob2gj18n43u7fbfig1olic,8388186,6135623,2000-10-01,Lin,A,US,"cited by examiner",3
007ojimwkblqd8aah68t46ers,7863340,6156809,2000-12-01,"Clark et al.",A,US,"cited by other",85
007owirz79jeyfdhs6n878ecg,D499070,D423459,2000-04-01,"Takase et al.",S,US,"cited by examiner",8
007p4q2u817b1vi95y2l30zs8,6583847,6020946,2000-02-01,"Callegari et al.",A,US,"cited by other",6
007p9xf5x6fofc4j6um3azsgx,8980074,6027689,2000-02-01,Markart,A,US,"cited by applicant",43
007pket91qhqhlrykhnpg8elu,9479266,6100846,2000-08-01,"Li et al.",A,US,"cited by applicant",285
007qbwv0044wkl5yg9dyja0b9,6860040,6050008,2000-04-01,"Doornek et al.",A,US,"cited by other",61
007qs8m2vcwgp9ei7nbfruhpz,7317226,6043166,2000-03-01,"Roitman et al.",A,US,"cited by other",16
007r0tdbgx7ig75q564lrv4gs,9590624,6024089,2000-02-01,Wallace,A,US,"cited by examiner",0
007r7l7ah8kovlryjopac7beh,7491102,6083633,2000-07-01,"Fister et al.",A,US,"cited by examiner",10
007rj7qgesyr7stum4v4bvy7r,8824469,6157377,2000-12-01,"Shah-Nazaroff et al.",A,US,"cited by examiner",2
007rs4w2ta8uuimsejfqdl5ld,7363535,6041381,2000-03-01,Hoese,A,US,"cited by examiner",2
007rvf7f8a5kupmbvvxbhkhsh,9258924,6091199,2000-07-01,"Van Pelt",A,US,"cited by examiner",0
007ry8qc2rasdszvcrbugt5eb,9286374,6069628,2000-05-01,"Farry et al.",A,US,"cited by applicant",63
007sezzkwnpwmqwi9mr5f4e3p,8054282,6115021,2000-09-01,"Nonomura et al.",A,US,"cited by examiner",2
007snq2hxvtgrph5ch50lldri,7411711,6162211,2000-12-01,"Tankovich et al.",A,US,"cited by other",61
007swrtwrhwk03sv0nuujal9q,9579145,6086586,2000-07-01,Hooven,A,US,"cited by applicant",425
007t0xjz4wcqmnu9s5xje6t23,8035834,6124939,2000-09-01,"Toyoda et al.",A,US,"cited by other",51
007t38k4lwgdeltgtgd4r8rnu,D632773,6039212,2000-03-01,Singh,A,US,"cited by other",30
007tp54yz1lllharx4ildjm67,6659957,6111645,2000-08-01,"Tearney et al.",A,US,"cited by examiner",24
007tqxd9e4ada43hddyklujc6,6826749,6158048,2000-12-01,"Lueh et al.",A,US,"cited by other",71
007uu80qbn97qmwwwrru3tyou,7867991,6087384,2000-07-01,"Matsui et al.",A,US,"cited by other",84
007uvoioont06kloui5ac5d48,8461186,6117454,2000-09-01,"Kreuter et al.",A,US,"cited by applicant",7
007v1rhohjidechuo51rbwio6,8180440,6081735,2000-06-01,"Diab et al.",A,US,"cited by other",19
007vhxygcazh8xo70qg6iddd1,7237264,6035323,2000-03-01,"Narayen et al.",A,US,"cited by other",112
007wrfcikdz2oviebgop86r9j,8307107,6078958,2000-06-01,"Echeita et al.",A,US,"cited by examiner",3
007wu4n0jyg8oujrc3qo720l9,7207569,6017035,2000-01-01,"Glasser et al.",A,US,"cited by other",14
007x5y1cfoloh4flzymtleltq,9488093,6138638,2000-10-01,Morikawa,A,US,"cited by examiner",4
007xmoj0cl2k8gklyaioyyu51,6248903,6087336,2000-07-01,"Edwards et al.",NULL,US,NULL,1
007y0yrv60i8jyt6wo11mpsut,6579870,6130215,2000-10-01,"Jakoczi et al.",A,US,"cited by other",2
007yd7vebm34vw363jir2p4cp,7742124,6141067,2000-10-01,Ikka,A,US,"cited by other",73
007yn2bdl0h5teoid0hn4ow1j,8695627,6079439,2000-06-01,Hartley,A,US,"cited by examiner",13
007z3foxr14v4qptasoqpcp2n,D714869,D430247,2000-08-01,Kruse,S,US,"cited by examiner",18
007z5kbk567babdsgd6jh330e,6551226,6032914,2000-03-01,Bastida,A,US,"cited by other",30
007zmmrtp7ry4eqo3asbxmec5,D512241,D434245,2000-11-01,"Natuzzi et al.",S,US,"cited by other",12
008030wrbqczx8pwcy3o0pv9f,6351464,6161008,2000-12-01,"Lee et al.",A,US,"cited by examiner",4
00807wa7x9rvcf620fpwjxhbv,8406728,6122520,2000-09-01,Want,A,US,"cited by applicant",169
0080yq68ip1eiudxdfz7aij2g,7792032,6088588,2000-07-01,Osborne,A,US,"cited by other",12
008102mnbz970lldnqz4dhjj6,7017400,6062162,2000-05-01,Dean,A,US,"cited by examiner",16
00810m08p0uqyqvogxn8bvyaz,6481627,6047250,2000-04-01,"Beaudoin et al.",A,US,"cited by examiner",44
0081ipvqi4swky5xlwdiszjx6,7944355,6158010,2000-12-01,"Moriconi et al.",A,US,"cited by examiner",8
0082kj49qbqh2c8pnjurwpy5n,7632265,6014579,2000-01-01,"Pomeranz et al.",A,US,"cited by other",74
0082t21g6ns7cxrkecjo4f9ej,9364173,6115634,2000-09-01,"Donders et al.",A,US,"cited by applicant",234
008369rih7cfthp4svck8t57o,6353467,6094246,2000-07-01,"Wong et al.",A,US,"cited by other",50
0083gf9ru89g6ub5hhd7f37lr,8542264,6069658,2000-05-01,Watanabe,A,US,"cited by applicant",89
0083yswptdyl9w7bjhd1p5rty,6469954,6128244,2000-10-01,"Thompson et al.",A,US,"cited by other",8
0084a9kz4pncxmx9qk4bfeln7,6838472,6093742,2000-07-01,"Salituro et al.",A,US,"cited by other",8
0084ajkcpufeyvr7m9f75x3h7,9005625,6010999,2000-01-01,"Daley et al.",A,US,"cited by applicant",103
0084fq9s2fxlzo4godazy9xey,6640238,6081837,2000-06-01,"Stedman et al.",A,US,"cited by other",90
0084m6jygugl5fqqhiyfvxcnk,8198630,6133977,2000-10-01,"Lee et al.",A,US,"cited by other",119
00854ea3gd9l1g1mt3suztzg1,6915508,6061520,2000-05-01,"Yellin et al.",A,US,"cited by other",3
0085a2eky9y2qdo1npl7bndyi,6851387,6103225,2000-08-01,Barclay,A,US,"cited by other",8
0085l6dggs6ogk9guvkkc7wrn,D711636,D421832,2000-03-01,Loveder,S,US,"cited by applicant",77
0086mn31dgvt6ql0dt29lt3tx,7900682,6152259,2000-11-01,"Freist et al.",A,US,"cited by other",8
0088112hq2b1lwgh917ydbtwg,8864422,6076290,2000-06-01,"Seitle et al.",A,US,"cited by applicant",1
00881kw82o284y5kzd5r956lp,D694151,6146239,2000-11-01,Magliocchetti,A,US,"cited by applicant",23
0088ajjuuvcox6e9v5z2dar63,6526787,6131966,2000-10-01,"Hensley et al.",A,US,"cited by examiner",7
0088atccgr0cty1c88rygoeoi,7594085,6125371,2000-09-01,"Bohannon et al.",A,US,"cited by other",0
0088jmj7uob12uju9rrf7ovjs,8915854,6093883,2000-07-01,Sanghvi,A,US,"cited by applicant",272
0088zs06kbte3ihyiqebe7yb9,6402880,6042684,2000-03-01,Ohman,A,US,"cited by examiner",3
0089fzajhw0tlkl93vcbxdjf2,7920994,6132969,2000-10-01,"Stoughton et al.",A,US,"cited by other",7
008ah8d4eztjdinjk0xgtixyk,8961976,6165745,2000-12-01,"Ward et al.",A,US,"cited by applicant",7
008ak58unp2pcyk30fifuy4h7,9171577,6104441,2000-08-01,"Wee et al.",A,US,"cited by applicant",15
008arob0wyxltebgf8pful700,9526618,6165119,2000-12-01,"Schweich, Jr. et al.",A,US,"cited by applicant",17
008bewncpg8n6sl473m4v6cgd,7261603,6068512,2000-05-01,Sugie,A,US,"cited by examiner",1
008cmhm6ttv1sqcp937fl9xk8,9708400,6113898,2000-09-01,"Anderson et al.",A,US,"cited by applicant",73
008d39awvflssadiqo0l79nbc,8928897,6160642,2000-12-01,"Mui et al.",A,US,"cited by applicant",1061
008df9kucfrbfik4x31bsdynb,8845450,6110055,2000-08-01,Wilson,A,US,"cited by applicant",64
008dfg6j7ypt8mmt53uy1gg30,7834648,6104061,2000-08-01,"Forbes et al.",A,US,"cited by other",24
008dg6rh5ptlc8fo7ftzcb3jt,6836602,6120917,2000-09-01,Eda,A,US,"cited by other",23
008dla5k04sdsxxoydizg3y8g,7901675,6045826,2000-04-01,"Borowy-Borowski et al.",A,US,"cited by examiner",2
008dp7ozvreh9cd627gvxxnqh,7729431,6093496,2000-07-01,"Dominguez et al.",A,US,"cited by other",184
008fdgwktlpql3i26nrnn3sjh,9423765,6122470,2000-09-01,Kimura,A,US,"cited by applicant",0
008gilxl8k9011cwkorwwb1vf,7399278,6102861,2000-08-01,"Avila et al.",A,US,"cited by other",19
008glx0perrrpgppmu29eo4hy,7445248,6010668,2000-01-01,"Lawrence et al.",A,US,"cited by other",7
008gtaew9hcxk5qpsyp9tsz6s,8585971,6130098,2000-10-01,"Handique et al.",A,US,"cited by applicant",139
008gwhuz0rimp5ie43mrb88j1,6850871,6029090,2000-02-01,Herbst,A,US,"cited by examiner",9
008hbcenrel5yk2sad9kto37k,8740038,6083242,2000-07-01,Cook,A,US,"cited by applicant",289
008hctrj2uvxylh38061ooa3m,9526260,6054161,2000-04-01,Palmer,A,US,"cited by applicant",20
008hvphx9w9dvv2b4ele3uydo,9263067,6025988,2000-02-01,Yan,A,US,"cited by applicant",6
008i5pv0l9zq0zp2rcqmq0td2,D489492,D419727,2000-01-01,"Verkic et al.",S,US,"cited by examiner",6
008ikdrznaql84beyd3njyu33,6719188,6065462,2000-05-01,"Hodsden et al.",A,US,"cited by other",16
008j07m9n5qsxsv359k1rqaps,D628637,D421053,2000-02-01,Izushima,S,US,"cited by examiner",23
008jhqkl0jxb1br6on7nidmf4,6652236,6039540,2000-03-01,Wu,A,US,"cited by other",2
008jkcgup2ifde5sm2th3h11y,6662015,6122348,2000-09-01,"French-St. George et al.",A,US,"cited by other",2
008jl9g3deqfkppqx0bx1goej,7306141,6119932,2000-09-01,"Maloney et al.",A,US,"cited by other",291
008jq27bv1s0cxuojpruhk0rl,8187056,6012975,2000-01-01,Jager,A,US,"cited by examiner",13
008jw3whsaq9xc9xj4zr17nt5,6542880,6125358,2000-09-01,"Hubbell et al.",A,US,"cited by other",83
008jw8fk08a74wpkzxx7espfj,8440083,6068762,2000-05-01,"Stone et al.",A,US,"cited by applicant",12
008k222v990kngqctvmzl19bx,7524581,6017656,2000-01-01,"Crespi et al.",A,US,"cited by other",44
008kyp0ag3j8c7vznfywouabj,6771530,6144579,2000-11-01,Taira,A,US,"cited by examiner",8
008lraddufu1isjhchi890llt,7680949,6101182,2000-08-01,"Sistanizadeh et al.",A,US,"cited by other",0
008ls77wgivh1p7pvocnw71z7,D472158,D432438,2000-10-01,Lassigne,S,US,"cited by examiner",1
008lsng6b3hdgeqlqtz14959k,7253737,6025129,2000-02-01,"Nova et al.",A,US,"cited by other",36
008m3vnkvg8ec1swuq1sbl8lf,8081474,6035365,2000-03-01,"Farmwald et al.",A,US,"cited by other",165
008m4zemaqpkqvwqtg9uhls53,9084713,6051016,2000-04-01,"Mesaros et al.",A,US,"cited by applicant",290
008m65eqsjb4zjneswp95edh5,7824324,6086525,2000-07-01,"Davey et al.",A,US,"cited by other",34
008mnh1ac4t8jnt9xk0y6f3aa,7962220,6041258,2000-03-01,"Cigaina et al.",A,US,"cited by other",78
008mz9aluztkfkokows38q8b5,6488111,6062332,2000-05-01,Stephenson,A,US,"cited by examiner",6
008nsgpp5sfc4a4qodxfeelvy,7114964,6116926,2000-09-01,"Ortega et al.",A,US,"cited by other",52
008o37ruv0t6vk8ta3q3znu31,6543429,6015319,2000-01-01,Tanaka,A,US,"cited by other",13
008pqpaq8gaf7b4izcownq6jl,8729806,6035868,2000-03-01,"Kennedy et al.",A,US,"cited by examiner",1
008pvorabbr4iq1bdhlu9wyx0,D735883,D421653,2000-03-01,Purcell,S,US,"cited by examiner",8
008pxemv8leqnu1nzv6f0iz56,7773275,6028620,2000-02-01,Yin,A,US,"cited by other",1
008q47nucmdfoo2qz9o9a87hi,7607462,6092661,2000-07-01,Mogil,A,US,"cited by examiner",19
008rj1g2do9km5kc8q9bfx51r,7446219,6110872,2000-08-01,"Erdelen et al.",A,US,"cited by other",2
008rx5t9zbzcav9zf7zexv87a,7647145,6012004,2000-01-01,"Sugano et al.",A,US,"cited by examiner",5
008s40a5s1x844kmiwonys7lo,9413810,6134606,2000-10-01,"Anderson et al.",A,US,"cited by applicant",59
008s9kva3zae21uayt0ngwhar,7306101,6056226,2000-05-01,Green,A,US,"cited by examiner",10
008seatndhxj0emyp1c7vatzz,7979488,6131067,2000-10-01,"Girerd et al.",A,US,"cited by other",415
008smps5nzd6lqovibdn9d4uu,6280627,6077438,2000-07-01,"Zambias et al.",NULL,US,NULL,4
008stw1c9nphddrgr0zbwbq5q,7602570,6097679,2000-08-01,Ohtaki,A,US,"cited by other",3
008t39tmdg7aos6z2dl9v527e,8518562,6165803,2000-12-01,"Chen et al.",A,US,"cited by applicant",3
008u4jsehvsfbla8ysvgt9d66,7455549,6146197,2000-11-01,"Holliday et al.",A,US,"cited by other",183
008uibowxz9k9k95b73l7v7jz,7728626,6157061,2000-12-01,Kawata,A,US,"cited by other",212
008vgmsc75retc194bggrqi6c,7828041,6161893,2000-12-01,"Ewing et al.",A,US,"cited by examiner",6
008vm9kb309l8d1s539ub2zqk,8348430,6123668,2000-09-01,Abreu,A,US,"cited by other",24
008wpo6hjtkby2qcncxi58gct,8261994,6164534,2000-12-01,"Rathus et al.",A,US,"cited by other",293
008x0zoq1vtud12mo92u60oh1,8529601,6093201,2000-07-01,"Cooper et al.",A,US,"cited by applicant",57
008x3pxvgvss7gkpe3pee75w4,6533402,6074036,2000-06-01,"Nishioka et al.",A,US,"cited by examiner",0
008x3u32iop11eebthbgmiivl,8718182,6122763,2000-09-01,"Pyndiah et al.",A,US,"cited by applicant",7
008y90ue9vhn0n90kx2hiz4lr,9075966,6044467,2000-03-01,Gong,A,US,"cited by applicant",2
008yfrgk7gtem8vzlwwbf5fzv,7373699,6131251,2000-10-01,Provost,A,US,"cited by other",34
008ypzuq8ee08tdvwd89a5et8,7828808,6019722,2000-02-01,"Spence et al.",A,US,"cited by other",70
00908bxwau3raem8gel015gsb,8699377,6084867,2000-07-01,Meier,A,US,"cited by applicant",96
0090nnta42ueejn4w4722xc5q,9135884,6031914,2000-02-01,Tewfik,A,US,"cited by applicant",32
0090spk5zl30zfm9z0uuykfvo,7873200,6145738,2000-11-01,Stinson,A,US,"cited by other",88
009182ktg1z5oslfsa9xyzm1x,8818530,6046550,2000-04-01,"Ference et al.",A,US,"cited by examiner",3
00918760muji0noeukrgkr1q9,7692293,6127727,2000-10-01,Eytcheson,A,US,"cited by examiner",8
00918zb9ptttcx3q7vugfk1zg,8608552,6113495,2000-09-01,"Walker et al.",A,US,"cited by applicant",27
0091lr349mivjl2vaz0fjt44c,7178355,6141979,2000-11-01,Dunlap,A,US,"cited by other",18
0091nioouqe8qyeunu019lgve,8500734,6159194,2000-12-01,"Eggers et al.",A,US,"cited by applicant",92
00925mafrlfr6v81kziq7yqu2,9724105,6155968,2000-12-01,Wilk,A,US,"cited by applicant",207
0092ra39l5u2jo0oi19iam029,9541424,6100680,2000-08-01,"Vig et al.",A,US,"cited by applicant",18
0094hcvr11obteg8i73ivh4v4,8551160,6077297,2000-06-01,"Robinson et al.",A,US,"cited by applicant",38
0094huho8egrasb62nlutx3q2,7579357,6156739,2000-12-01,"Griffin et al.",A,US,"cited by other",34
00952rvs1soku1ld9czlfp7r7,7738304,6108240,2000-08-01,"Lavi et al.",A,US,"cited by other",274
0095m4w4fgq2bjyrqxem21mas,7383701,6009728,2000-01-01,"Kashiwagi et al.",A,US,"cited by other",4
0095o7xwn3ift7k1ngbse68rh,6141337,6034635,2000-03-01,Gilhousen,NULL,US,NULL,23
0095s4jjr0l3xugtsun4utu8w,D640293,6039141,2000-03-01,Denny,A,US,"cited by examiner",7
0095sytr5vxpk7bdwb01urwx0,6687911,6112331,2000-09-01,Horn,A,US,"cited by examiner",20
00967jhyzf6w61715x0cctdyr,9584681,6094221,2000-07-01,Anderson,A,US,"cited by applicant",1013
00968e50oe09l980ygcnu4pkc,6338656,6116962,2000-09-01,Laity,A,US,"cited by other",0
0096fs2xmgd4t3jm16jika4vr,6458689,6114325,2000-09-01,"Foote et al.",A,US,"cited by examiner",6
0096k3bdrqdn511yawe7nt7k2,6436207,6139701,2000-10-01,"Pavate et al.",A,US,"cited by examiner",5
0096ymv40bwksns04so8uxyt8,7305483,6154773,2000-11-01,Roberts,A,US,"cited by other",97
009770rvm4q5d6066ymji5roq,7899730,6064986,2000-05-01,Edelman,A,US,"cited by other",12
0097c0s1q3qzgec0pxqv8jf0y,7122755,6054655,2000-04-01,"Rudolph et al.",A,US,"cited by examiner",4
0097j156fbjuwne3jmbouccft,7950560,6013077,2000-01-01,Harwin,A,US,"cited by other",199
0099ppsp7fuur7yl230ofsonh,6923581,6164203,2000-12-01,Keller,A,US,"cited by examiner",6
0099s6xoiejal4ibvqv923qxp,6819478,6081366,2000-06-01,"Kidorf et al.",A,US,"cited by other",51
0099ubi5i8vydzcp0muhcp92x,6156485,6027861,2000-02-01,"Yu et al.",NULL,US,NULL,7
009a64ufat5jr3un9re3e2484,8684990,6156424,2000-12-01,Taylor,A,US,"cited by applicant",204
009b1znrfnq0shlz9s4bpsoop,7564992,6076734,2000-06-01,"Dougherty et al.",A,US,"cited by other",120
009bcwn4fh7t87opbubp4tq42,8721671,6046055,2000-04-01,Wolfbeis,A,US,"cited by applicant",738
009beoeewi7jtvmucmx4a57tq,7895031,6073097,2000-06-01,"Gould et al.",A,US,"cited by other",5
009biy86djo9x6h2o4hdbdk6j,6510722,6092273,2000-07-01,Villareal,A,US,"cited by other",69
009bj02shjpo6mt9t4lyheiew,7635454,6046056,2000-04-01,"Parce et al.",A,US,"cited by other",7
009btm76oc462sia8yy31sbk0,8283393,6087440,2000-07-01,"Skaggs et al.",A,US,"cited by other",5
009cwnbtim60ice7xqqaedqjo,9307986,6065919,2000-05-01,Peck,A,US,"cited by applicant",903
009dkig76cxeyfj7wcfswkq6m,8712741,6108640,2000-08-01,Slotznick,A,US,"cited by applicant",27
009e9cwidvj9cvtk1vocfjmh5,7993199,6110041,2000-08-01,"Walker et al.",A,US,"cited by other",139
009equemv3ps5c86lq10vrjeh,6840903,6135948,2000-10-01,Lee,A,US,"cited by other",97
009f1s5k56lnp1ciz25toxt81,8137188,6135884,2000-10-01,"Hedrick et al.",A,US,"cited by other",242
009fhut4h6a1qsprdvmvip46m,9631978,6034698,2000-03-01,Yasuda,A,US,"cited by applicant",11
009go6iwoy89ntpppubp5diro,8510300,6078905,2000-06-01,Pich-LeWinter,A,US,"cited by applicant",11
009gzl51srcrrfttxitk554uw,7247377,6053125,2000-04-01,"Kory et al.",A,US,"cited by other",13
009h0ngjmu8o7l5k60574w6mc,6999954,6064856,2000-05-01,"Lee et al.",A,US,"cited by examiner",4
009h61eap692u4mm2j50p8db5,7632985,6080916,2000-06-01,Holmes,A,US,"cited by other",15
009hoqf62tcgqd0oqw7vi54rn,D496514,D433709,2000-11-01,Hardy,S,US,"cited by other",25
009hun9b5hyy9rtvj7a1pclkj,6478966,6022477,2000-02-01,"Luo et al.",A,US,"cited by other",21
009irlnt48kj8fpzrx02lfp4s,7620170,6011844,2000-01-01,"Uppaluru et al.",A,US,"cited by other",15
009isksmsbxeqif9siir6op1m,6922336,6055152,2000-04-01,"Felcman et al.",A,US,"cited by other",15
009joulhzfxsvrp685inflb58,8956352,6078841,2000-06-01,Kuzma,A,US,"cited by applicant",174
009k0wpu7vprasxacamcyncwp,7844794,6148367,2000-11-01,"Tsuboi et al.",A,US,"cited by other",3
009k39ihhv6qudxvg43yh3rj4,D631392,D421669,2000-03-01,Moehring,S,US,"cited by other",7
009khfcr8n7u8scbzayi22xvo,8566115,6070189,2000-05-01,"Bender et al.",A,US,"cited by applicant",9
009kzumkzwj4q00udi6nfxkr6,8743951,6018368,2000-01-01,"Kim et al.",A,US,"cited by applicant",14
009l6xqtgm2sw1riozchk4mmc,7000698,6044908,2000-04-01,Wyatt,A,US,"cited by other",5
009l9882x5zymy52t8b576ukw,7125494,6091875,2000-07-01,"Lindsay, Jr. et al.",A,US,"cited by other",2
009lbf56kj3782fffuzsusoee,D450316,D421985,2000-03-01,Collins,NULL,US,NULL,104
009letnm5aevd4zt8facr5nbb,7244264,6036919,2000-03-01,"Thym et al.",A,US,"cited by other",37
009lvevsbaqbknwcc958oeiq6,RE42738,6128006,2000-10-01,"Rosenberg et al.",A,US,"cited by other",218
009mf6ubfb796rbaqaok8fkdi,7331973,6074357,2000-06-01,"Kaganov et al.",A,US,"cited by other",109
009mwutwm9owyew1ql6b5ykga,7815321,6111699,2000-08-01,"Iwata et al.",A,US,"cited by other",1
009nba4c9usr0j18rgm39enir,7977112,6143164,2000-11-01,"Heller et al.",A,US,"cited by other",335
009ox72syakdlfrbp1k58fa69,8771316,6056772,2000-05-01,Bonutti,A,US,"cited by applicant",817
009pnjts9n3g8bx01ijvyhg6m,7497932,6027631,2000-02-01,Broadbent,A,US,"cited by other",4
009ptoqxn42nk5za6rbnnl4jy,7632228,6059946,2000-05-01,"Yukawa et al.",A,US,"cited by other",227
009pvxlye6zyj4zqtbtpqemdt,8566432,6023720,2000-02-01,"Aref et al.",A,US,"cited by applicant",25
009pw6gcx7dz8ax42w8an98x5,8366763,6096071,2000-08-01,Yadav,A,US,"cited by applicant",85
009pxiquoqotrp3ffafrqmua2,9580695,6054318,2000-04-01,"Murray et al.",A,US,"cited by examiner",8
009rimy4et2ba5of81xdjhwvx,8907821,6119154,2000-09-01,"Weaver et al.",A,US,"cited by applicant",20
009rjcob4hiomzmd6wblls9rr,6889087,6051017,2000-04-01,"Loeb et al.",A,US,"cited by other",33
009sdinxsxjxs42niysqzoeka,6225777,6117575,2000-09-01,Dinsdale,NULL,US,NULL,4
009slwhjhy2j6g7y54itdig4l,6945412,6163452,2000-12-01,"O'Neal et al.",A,US,"cited by examiner",10
009so1qkc6uoe8hzz6hog9dld,7734803,6047327,2000-04-01,"Tso et al.",A,US,"cited by examiner",0
009ss3m8df23nyuay19lvjl6o,6625183,6047008,2000-04-01,Funakawa,A,US,"cited by examiner",9
009t5ipmi3hcnr0vampyqgwtf,9429669,6161076,2000-12-01,Barr,A,US,"cited by examiner",4
009ulkecpe3k09sj2xe17eub9,7883442,6029990,2000-02-01,Busby,A,US,"cited by other",148
009uvqk852jjdfzqzgnc1i4bj,D664582,D433435,2000-11-01,Hamamura,S,US,"cited by examiner",1
009v70wkkfbmeem0kv1jij34g,8971372,6117699,2000-09-01,"Lemoff et al.",A,US,"cited by applicant",0
009vwj144qgllfg80smiwq8yu,7682332,6059816,2000-05-01,Moenning,A,US,"cited by other",78
009w77ddnju98h3ze7hncyhkx,8817868,6058212,2000-05-01,Yokoyama,A,US,"cited by applicant",38
009wgadvhn1ablvwjcqc34ddd,6565436,6059289,2000-05-01,Vancura,A,US,"cited by other",9
009xzselmnxmdksv1rwgtgsoe,7536686,6067557,2000-05-01,Hegde,A,US,"cited by other",25
009yn477h7ujmdchnpedgk1xq,7933786,6055519,2000-04-01,"Kennedy et al.",A,US,"cited by other",106
009zfolxiqrf354wnpvcx64y5,7231670,6032292,2000-03-01,"Wood et al.",A,US,"cited by other",35
009zy8cfqupnci9mgjko6e9r0,8179586,6016215,2000-01-01,Byker,A,US,"cited by other",614
00a01wopxmlaoq0wsam2jxay4,7393384,6066307,2000-05-01,"Keskar et al.",A,US,"cited by examiner",12
00a0jxoum7u2yjezikez1iikf,7556334,6142604,2000-11-01,"Kanda et al.",A,US,"cited by other",51
00a0rk5xdjthe6mx4p7aw1xtd,6404421,6084355,2000-07-01,Park,A,US,"cited by examiner",7
00a1iy0zsucej4j126olducrf,6900868,6040885,2000-03-01,"Koike et al.",A,US,"cited by other",4
00a3fu3kjhob0eipvjqn61ul7,8039826,6157453,2000-12-01,"Tamanti et al.",A,US,"cited by other",92
00a3gmlrkeddfgo8e1qktd3ie,6922469,6081586,2000-06-01,"Rahamim et al.",A,US,"cited by other",143
00a3p4imj12yaxgvrbna5tdbr,D626561,6011986,2000-01-01,"Diab et al.",A,US,"cited by other",75
00a3rpg033jc6zqnttys41fyb,7281014,6061770,2000-05-01,Franklin,A,US,"cited by examiner",13
00a3uwyzrec519sykwt2722vy,7481278,6148747,2000-11-01,"Deckler et al.",A,US,"cited by other",9
00a4c343lyh12e7elv4glxtcr,8420229,6140763,2000-10-01,"Hung et al.",A,US,"cited by applicant",54
00a4d5pdyuonfiyg88px9fa7t,7965857,6097830,2000-08-01,"Zelinka et al.",A,US,"cited by examiner",5
00a4hai1ai6vt4hgf4fmrlfjq,6568077,6095402,2000-08-01,"Brownell et al.",A,US,"cited by examiner",12
00a4j6jplqzr3c8wgebnw6om2,7303741,6123921,2000-09-01,"Meade et al.",A,US,"cited by examiner",2
00a5pdt8bgmysiphh9hh1cmh9,9700420,6120543,2000-09-01,"Kubein-Meesenburg et al.",A,US,"cited by applicant",192
00a6jtavlrb81ksl4r2v58bqp,9582272,6038616,2000-03-01,"Thornton et al.",A,US,"cited by applicant",8
00a6myiw8n36k09v1iud2u706,6584468,6067552,2000-05-01,Yu,A,US,"cited by other",14
00a6nblxbcjbw8b8b3ktmc6be,6731319,6031553,2000-02-01,"Nagamoto et al.",A,US,"cited by other",8
00a6pby46fi7j694py87elpmk,8133206,6156015,2000-12-01,"DeMichele et al.",A,US,"cited by examiner",25
00a7cccbqtot2mcpegzwc92e8,6844835,6160507,2000-12-01,"Carbou et al.",A,US,"cited by examiner",7
00a7lj8978jmejslykczcpinb,6549543,6057943,2000-05-01,"Kweon et al.",A,US,"cited by examiner",4
00a7t9oktkvb45ailedvcnmhu,6648908,6149677,2000-11-01,"Dobak, III",A,US,"cited by other",226
00a9jauerb9mg30jxnbqazovj,7363069,6052608,2000-04-01,"Young et al.",A,US,"cited by other",17
00a9mfx3ni67r2qof3nv0dr2r,8611117,6046919,2000-04-01,"Madenokouji et al.",A,US,"cited by examiner",2
00aab6pyeqxfw2mm4y59qzwyq,8584873,6062402,2000-05-01,Ford,A,US,"cited by applicant",8
00aag61vt6z4uuymlqt9whw43,7694293,6112024,2000-08-01,"Almond et al.",A,US,"cited by other",21
00aazr5otvp4toqin0lc740e6,7780224,6068329,2000-05-01,Miller,A,US,"cited by other",29
00abg9288mn8skv832s8nyua0,8160668,6047201,2000-04-01,"Jackson, III",A,US,"cited by examiner",37
00abh8ijdrpyn98e44tutsl91,D529294,6115877,2000-09-01,"Morad et al.",A,US,"cited by other",208
00abhmsjl8xlg3cvawz66ind4,7434498,6019352,2000-02-01,Mayer,A,US,"cited by examiner",14
00achuuarutcqgcd0wr352n8k,8521492,6033415,2000-03-01,"Mittelstadt et al.",A,US,"cited by applicant",35
00acn27betarv08o67s43bp99,7173551,6084931,2000-07-01,"Powell, II et al.",A,US,"cited by other",183
00acuk05z20k06zrk9ew2c43l,7881676,6091967,2000-07-01,"Kruys et al.",A,US,"cited by examiner",2
00ad5znrrgnpzw526s4d7bv2i,6276337,6053150,2000-04-01,Takahashi,NULL,US,NULL,11
00adb7l18h0tvz7715z443lpi,D506939,6016609,2000-01-01,"Donovan et al.",A,US,"cited by other",8
00adpic24y5s5v8jwzt8pgplx,6708321,6135647,2000-10-01,"Balakrishnan et al.",A,US,"cited by other",22
00aeqbzfuf3wzpibbz7zm2ws8,9292488,6122403,2000-09-01,Rhoads,A,US,"cited by applicant",34
00aeqf6wmeiqntpup0rfm59ui,D454192,D432640,2000-10-01,Frampton,S,US,"cited by other",12
00aeqylwigs8awnw4hddfl1iy,9729489,6148328,2000-11-01,"Cuomo et al.",A,US,"cited by applicant",187
00afsh2gectfkarwk7hw6fape,8202231,6144976,2000-11-01,"Silva et al.",A,US,"cited by other",787
00afva32v3ofj8cob3vqtg064,7455869,6165534,2000-12-01,"Luzio et al.",A,US,"cited by examiner",6
00ag8pb8okqaq6u5xebtlsk2s,8528641,6079496,2000-06-01,Hirth,A,US,"cited by applicant",9
00agt83d1anptve8ey46vkvtg,7783468,6055493,2000-04-01,"Ries et al.",A,US,"cited by examiner",40
00ah3rz1ueis6e6ukjz7veqzl,6976903,6030488,2000-02-01,"Izumi et al.",A,US,"cited by other",56
00ah3wy7tosjxrqlplmq19itm,7974119,6034389,2000-03-01,Burns,A,US,"cited by other",27
00ah83t54mdjw99kcs4fdb7ki,8745226,6167382,2000-12-01,"Sparks et al.",A,US,"cited by applicant",9
00ahhu9o9ge2m2rqyz6noc83c,7017942,6079735,2000-06-01,"Fallmann et al.",A,US,"cited by examiner",6
00ahqsbfv2s1qsrhg67bf7nu9,6494725,6016254,2000-01-01,Pfaff,A,US,"cited by other",1
00ai306iswb541220vjjrigrh,8363262,6092940,2000-07-01,"Wiklof et al.",A,US,"cited by applicant",108
00aiipg1233d6xufas8c9u9mi,8871218,6149964,2000-11-01,"Theuer et al.",A,US,"cited by examiner",0
00aj4eoiiylsjia1uroz4xc78,9123650,6129806,2000-10-01,"Kaji et al.",A,US,"cited by applicant",13
00ajn8ddafe14pi6d4n6ybigx,7311852,6156642,2000-12-01,"Wu et al.",A,US,"cited by other",21
00ajsr8kl8cyv4dyr99z2yjej,8473380,6014634,2000-01-01,"Scroggie et al.",A,US,"cited by applicant",83
00ajvnp7gt3zssomudxg39ncv,6847671,6018537,2000-01-01,"Hofmann et al.",A,US,"cited by other",33
00ak63h2pv4o0ssrmwzqiqwyf,8315599,6058338,2000-05-01,Agashe,A,US,"cited by other",58
00akmb2lbso32tkgdqql9up3u,6607458,6134406,2000-10-01,"Moe et al.",A,US,"cited by other",13
00akn35kdbnm9me1m93z00362,6395546,6040180,2000-03-01,Johe,A,US,"cited by examiner",3
00akp8kzj5vtka63sdbs3qq13,7769427,6152933,2000-11-01,"Werp et al.",A,US,"cited by other",71
00al38cmmtiuwykqcoth54ept,7263550,6128655,2000-10-01,"Fields et al.",A,US,"cited by other",12
00alp8ily2j9qjlwghoy1di3n,6711401,6088435,2000-07-01,"Barber et al.",A,US,"cited by other",116
00alxbh26fl1wy7vrxcoazqof,7925535,6058418,2000-05-01,Kobata,A,US,"cited by other",305
00am8zh8ziihonajje6fl8yxt,7538060,6054627,2000-04-01,"Thakur et al.",A,US,"cited by other",24
00amv1gsp52x8myid7d36vkjp,7908690,6091985,2000-07-01,"Alfano et al.",A,US,"cited by other",25
00an1udvvkvt8oui8hpy68h2h,9542661,6044362,2000-03-01,Neely,A,US,"cited by applicant",204
00an7enrfp71ybxzbt7fqruv1,8932340,6017324,2000-01-01,"Tu et al.",A,US,"cited by applicant",94
00ancpbzykv6n11sn1ayu0dva,6812045,6078045,2000-06-01,"Maul et al.",A,US,"cited by other",187
00anje8hx4bc2tvxwnzgxwwjc,8295950,6157175,2000-12-01,"Morinigo et al.",A,US,"cited by other",17
00anphytlzrnppnwtp8expq3w,D503096,D418753,2000-01-01,DuBow,S,US,"cited by examiner",42
00anug1ggf7xeiho3ffpr716p,7119658,6058374,2000-05-01,"Guthrie et al.",A,US,"cited by other",73
00anx7szhterrb2vjkkoae1yv,7339762,6055131,2000-04-01,"Takahashi et al.",A,US,"cited by other",30
00ao0g5ode8ctpwuk29mjkpzi,6777749,6010926,2000-01-01,"Rho et al.",A,US,"cited by other",33
00aokd5u3wsuu9brck52ubsv9,D704375,D418626,2000-01-01,"Herst et al.",S,US,"cited by applicant",16
00aoo39pbdzdlf11ab8lrlyso,7875047,6080172,2000-06-01,"Fujiwara et al.",A,US,"cited by other",673
00aow3p391jvt5o7tsu55boig,7232852,6022940,2000-02-01,"Byerley et al.",A,US,"cited by other",2
00apu5c93hfq7oui2on6hrh3l,7564122,6034423,2000-03-01,"Mostafazadeh et al.",A,US,"cited by other",179
00apygzzu2e3tml1tkmfocx3p,7849055,6119742,2000-09-01,Maeng,A,US,"cited by other",1
00ar1fdagqkzyjmep9gygzsxn,6736256,6079545,2000-06-01,Dombek,A,US,"cited by examiner",8
00ardcc0ny2z39d3bpwwfk5zd,7802630,6095801,2000-08-01,Spiewak,A,US,"cited by other",17
00aryohfz0saspu43btg7zr60,8370233,6047264,2000-04-01,"Fisher et al.",A,US,"cited by applicant",13
00asc1yexn3krf2zcb3kpz46m,9353593,6129226,2000-10-01,Donovan,A,US,"cited by examiner",0
00asjylkqxadmrfn9xcpe3g74,6658224,6029032,2000-02-01,"Watanabe et al.",A,US,"cited by other",51
00asvvapv1rgwk9g9eysl8juv,6442928,6026644,2000-02-01,"Ito et al.",A,US,"cited by other",3
00at1ndclj2sw685o7s8q85xr,6715673,6026367,2000-02-01,Hjelmvik,A,US,"cited by other",32
00at5qy6v0g2n62egy8hs27gw,7686400,6062650,2000-05-01,"Smith et al.",A,US,"cited by examiner",11
00atuxzjicuey7a2fdq5kmp2u,7624889,RE36959,2000-11-01,Griffin,E,US,"cited by other",81
00au6qj9q2joldk6zpywwai44,6380096,6051504,2000-04-01,"Armacost et al.",A,US,"cited by examiner",11
00aufvfk0gaa5gkkl3ig2b31z,7936301,6072419,2000-06-01,Normant,A,US,"cited by examiner",6
00auv773ydsjcuv36grb9zkm8,7599715,6097974,2000-08-01,"Camp et al.",A,US,"cited by other",45
00auvdsnx00vipcusglbwudto,7213989,6047816,2000-04-01,"Moghadam et al.",A,US,"cited by other",28
00av1wept9yycur03t3m9s7dh,7604175,6152371,2000-11-01,"Schwartz et al.",A,US,"cited by other",167
00av6wh5azbivj9vxc5cj0jj5,8787924,6112080,2000-08-01,"Anderson et al.",A,US,"cited by applicant",77
00avili46n4rqgk58997ul1kd,8370884,6147715,2000-11-01,"Yuen et al.",A,US,"cited by applicant",404
00aw7fu1yorfjindb2idpm5ue,6356633,6021428,2000-02-01,Miloslavsky,A,US,"cited by examiner",0
00awvuuxiamxlnd4ww6mp5yg2,8317672,6123687,2000-09-01,"Simonyi et al.",A,US,"cited by other",128
00ax95k3nhpri9ao0algxu9kb,6502648,6142243,2000-11-01,Mayer,A,US,"cited by other",9
00axwe1bftwjmfros05h35wt1,7212987,6144955,2000-11-01,"Tsuiki et al.",A,US,"cited by other",11
00aynqadzgl6kdovrb97tgf2o,D605629,6160702,2000-12-01,Lee,A,US,"cited by other",187
00azvzd04nt6yzif9ni2x99mp,7385291,6146985,2000-11-01,Wollesen,A,US,"cited by other",101
00b0dd79en83j8fcm2w5399qk,6385338,6104832,2000-08-01,"Saito et al.",A,US,"cited by examiner",10
00b0dqje9daxmiyn4jw405un2,6749773,6117362,2000-09-01,"Yen et al.",A,US,"cited by other",10
00b0lc9y9tiq19d34w9l1bfw9,D492942,D422592,2000-04-01,Deguchi,S,US,"cited by other",0
00b12bx11g9giz8e61a3d0vh6,7523769,6123120,2000-09-01,"Yotsumoto et al.",A,US,"cited by examiner",15
00b1pqura36jmrdcfufw2e44m,7936755,6021263,2000-02-01,"Kujoory et al.",A,US,"cited by other",1
00b22jn93am56hgg49clmaofq,D569324,6068345,2000-05-01,Bressie,A,US,"cited by other",6
00b2tp53klbrkahzve38sbgm3,8019505,6021371,2000-02-01,Fultz,A,US,"cited by other",618
00b3lwj2qtxphw75anxd4lclu,7019925,6025970,2000-02-01,Cheung,A,US,"cited by other",3
00b3oxzcthrdsfxxhsgwwd6ni,8460024,6116965,2000-09-01,"Arnett et al.",A,US,"cited by applicant",2
00b47kow1in1pk4y8svcj49mh,9107956,6147095,2000-11-01,"Ferry et al.",A,US,"cited by applicant",9
00b4txmqim0etcmki90zl1r6t,7034492,6088633,2000-07-01,Yamamoto,A,US,"cited by examiner",10
00b4x0nglswc3g39isnsoy4oa,9662528,6059700,2000-05-01,Ellenburg,A,US,"cited by examiner",1
00b5bvt0j0c3qdm2h3m1q2ej4,7383275,6021409,2000-02-01,Burrows,A,US,"cited by other",7
00b5e5fjte0l0m0enf4uy8a5o,9521961,6157853,2000-12-01,"Blume et al.",A,US,"cited by applicant",502
00b5l6asruokn1hp2g949jnxv,7217240,6024695,2000-02-01,"Taylor et al.",A,US,"cited by other",199
00b5wmi2udqloew38lyhnfdm5,7037652,6034218,2000-03-01,"Reed et al.",A,US,"cited by other",20
00b6mwfus0twfqftcag2d0m8u,7077917,6029371,2000-02-01,"Kamikawa et al.",A,US,"cited by other",151
00b7ffa22z1o0sugagt1qopga,D777338,6074415,2000-06-01,"Der Ovanesian",A,US,"cited by applicant",173
00b7l4z3pjx8kmgn0hq12n2e9,D435186,D424857,2000-05-01,"Fujihara et al.",NULL,US,NULL,11
00b80c26dmlnvc4eplmz06ogl,8239696,6167289,2000-12-01,"Ball et al.",A,US,"cited by examiner",3
00b8qur8oqpvw7xtw52hxc8g3,7647177,6011974,2000-01-01,"Cedervall et al.",A,US,"cited by other",27
00b94v4f24vbq840cq1oneqyt,8628567,6149682,2000-11-01,Frid,A,US,"cited by applicant",94
00b982ge1x4c3s5lr8wnahmiu,6381343,6076166,2000-06-01,"Moshfeghi et al.",A,US,"cited by examiner",16
00b9jy292f18r8e3e7o2z4o5o,8817489,6051781,2000-04-01,"Bianca et al.",A,US,"cited by examiner",2
00ba2w5bhujx24eiug0oe48lu,7662516,6110619,2000-08-01,"Zhang et al.",A,US,"cited by other",0
